y_delta0,rho,u,v,T
0.000000000000000000e+00,5.263157894736841813e-01,-4.149933299131574130e-29,-1.478858297123727135e-34,1.899999999999999911e+00
3.906250000000000000e-03,5.263764803120618563e-01,5.121077656909843283e-03,1.533369456835009325e-08,1.899780931334832612e+00
7.812500000000000000e-03,5.264477893539136755e-01,1.024263820421168064e-02,6.134144152490787065e-08,1.899523599913404803e+00
1.171875000000000000e-02,5.265297294995301414e-01,1.536475514131777423e-02,1.380362818025393054e-07,1.899227990317861714e+00
1.562500000000000000e-02,5.266223155167706338e-01,2.048749905193678403e-02,2.454342237843181655e-07,1.898894085068740800e+00
1.953125000000000000e-02,5.267255640230236180e-01,2.561093761284066045e-02,3.835543273364536524e-07,1.898521864711106399e+00
2.343750000000000000e-02,5.268394934676132735e-01,3.073513560167948078e-02,5.524186385342482987e-07,1.898111307901547251e+00
2.734375000000000000e-02,5.269641241148075306e-01,3.586015490364347080e-02,7.520521250846706245e-07,1.897662391495429590e+00
3.125000000000000000e-02,5.270994780274960156e-01,4.098605451718143750e-02,9.824826123857810955e-07,1.897175090634097172e+00
3.515625000000000000e-02,5.272455790515498952e-01,4.611289055878735332e-02,1.243740720167258471e-06,1.896649378831923638e+00
3.906250000000000000e-02,5.274024528008204316e-01,5.124071626667111440e-02,1.535859799666437849e-06,1.896085228063324024e+00
4.296875000000000000e-02,5.275701266422858637e-01,5.636958200366027488e-02,1.858875869075156945e-06,1.895482608851431383e+00
4.687500000000000000e-02,5.277486296824652756e-01,6.149953525906579066e-02,2.212827552493735303e-06,1.894841490354371771e+00
5.078125000000000000e-02,5.279379927560989838e-01,6.663062064949606955e-02,2.597756025821665974e-06,1.894161840445508505e+00
5.468750000000000000e-02,5.281382484120820120e-01,7.176287991909240105e-02,3.013704948754773479e-06,1.893443625805616426e+00
5.859375000000000000e-02,5.283494309013933021e-01,7.689635193862345841e-02,3.460720403766086841e-06,1.892686812009894304e+00
6.250000000000000000e-02,5.285715761656267775e-01,8.203107270383401539e-02,3.938850835475798895e-06,1.891891363614777832e+00
6.640625000000000000e-02,5.288047218260153448e-01,8.716707533293389931e-02,4.448146990118121514e-06,1.891057244244908508e+00
7.031250000000000000e-02,5.290489071728995407e-01,9.230439006313986838e-02,4.988661855082756386e-06,1.890184416680380730e+00
7.421875000000000000e-02,5.293041731556787921e-01,9.744304424655587937e-02,5.560450598480192404e-06,1.889272842944089703e+00
7.812500000000000000e-02,5.295705623731569167e-01,1.025830623451024493e-01,6.163570508704361164e-06,1.888322484389454159e+00
8.203125000000000000e-02,5.298481190642976291e-01,1.077244659246991837e-01,6.798080933938077501e-06,1.887333301788411077e+00
8.593750000000000000e-02,5.301368890993755079e-01,1.128672736487188744e-01,7.464043221554788796e-06,1.886305255419695071e+00
8.984375000000000000e-02,5.304369199714427108e-01,1.180115012705260230e-01,8.161520657379732059e-06,1.885238305157637351e+00
9.375000000000000000e-02,5.307482607881756076e-01,1.231571616254245050e-01,8.890578404746751089e-06,1.884132410561219384e+00
9.765625000000000000e-02,5.310709622639915306e-01,1.283042646217177896e-01,9.651283443318911721e-06,1.882987530963719403e+00
1.015625000000000000e-01,5.314050767124677277e-01,1.334528172310885941e-01,1.044370450761467741e-05,1.881803625562800564e+00
1.054687500000000000e-01,5.317506580390380932e-01,1.386028234782952506e-01,1.126791202519213422e-05,1.880580653511077838e+00
1.093750000000000000e-01,5.321077617338870747e-01,1.437542844300148670e-01,1.212397805445276928e-05,1.879318574007403653e+00
1.132812500000000000e-01,5.324764448651213566e-01,1.489071981831757985e-01,1.301197622199874600e-05,1.878017346388541897e+00
1.171875000000000000e-01,5.328567660726812871e-01,1.540615598524064656e-01,1.393198166155078153e-05,1.876676930219556727e+00
1.210937500000000000e-01,5.332487855620265949e-01,1.592173615569684453e-01,1.488407095077769166e-05,1.875297285386281709e+00
1.250000000000000000e-01,5.336525650962055112e-01,1.643745924068919784e-01,1.586832204179536223e-05,1.873878372194692776e+00
1.289062500000000000e-01,5.340681679904474288e-01,1.695332384884508103e-01,1.688481419914287672e-05,1.872420151462549587e+00
1.328125000000000000e-01,5.344956591060819884e-01,1.746932828490954104e-01,1.793362793430336276e-05,1.870922584614534312e+00
1.367187500000000000e-01,5.349351048444430656e-01,1.798547054815695101e-01,1.901484493944235121e-05,1.869385633778504419e+00
1.406250000000000000e-01,5.353865731409006568e-01,1.850174833075891312e-01,2.012854802035806431e-05,1.867809261882300564e+00
1.445312500000000000e-01,5.358501334613534617e-01,1.901815901608820969e-01,2.127482103673344294e-05,1.866193432742929259e+00
1.484375000000000000e-01,5.363258567949090727e-01,1.953469967696151444e-01,2.245374882882057962e-05,1.864538111169978141e+00
1.523437500000000000e-01,5.368138156440129816e-01,2.005136707377285499e-01,2.366541713556448101e-05,1.862843263078661327e+00
1.562500000000000000e-01,5.373140840211173552e-01,2.056815765262934581e-01,2.490991253278958831e-05,1.861108855580823285e+00
1.601562500000000000e-01,5.378267374442466942e-01,2.108506754342187872e-01,2.618732236705205728e-05,1.859334857080555903e+00
1.640625000000000000e-01,5.383518529346523751e-01,2.160209255788315963e-01,2.749773469509907102e-05,1.857521237363298550e+00
1.679687500000000000e-01,5.388895089993230858e-01,2.211922818740317820e-01,2.884123817501703233e-05,1.855667967737809843e+00
1.718750000000000000e-01,5.394397856296049287e-01,2.263646960096266647e-01,3.021792200779944989e-05,1.853775021122800792e+00
1.757812500000000000e-01,5.400027643035442138e-01,2.315381164310814921e-01,3.162787588943788398e-05,1.851842372121420999e+00
1.796875000000000000e-01,5.405785279658883447e-01,2.367124883155214410e-01,3.307118989274310667e-05,1.849869997172921554e+00
1.835937500000000000e-01,5.411671610230219809e-01,2.418877535491546493e-01,3.454795439556809577e-05,1.847857874653001442e+00
1.875000000000000000e-01,5.417687493489737882e-01,2.470638507065079648e-01,3.605826004240823314e-05,1.845805984936687461e+00
1.914062500000000000e-01,5.423833802572919360e-01,2.522407150231203987e-01,3.760219760025474550e-05,1.843714310577929671e+00
1.953125000000000000e-01,5.430111425088007815e-01,2.574182783742673397e-01,3.917985792478035636e-05,1.841582836366553400e+00
1.992187500000000000e-01,5.436521262980175129e-01,2.625964692494585639e-01,4.079133186038977089e-05,1.839411549458050077e+00
2.031250000000000000e-01,5.443064232390197876e-01,2.677752127261415760e-01,4.243671013855442449e-05,1.837200439504776517e+00
2.070312500000000000e-01,5.449741263687518655e-01,2.729544304470841176e-01,4.411608332903609053e-05,1.834949498727869610e+00
2.109375000000000000e-01,5.456553301209300377e-01,2.781340405905797231e-01,4.582954170152634554e-05,1.832658722088129410e+00
2.148437500000000000e-01,5.463501303320715818e-01,2.833139578481242427e-01,4.757717518473380722e-05,1.830328107347938271e+00
2.187500000000000000e-01,5.470586242175550229e-01,2.884940933943733188e-01,4.935907323460200991e-05,1.827957655233525047e+00
2.226562500000000000e-01,5.477809103664504908e-01,2.936743548615717292e-01,5.117532475953857403e-05,1.825547369533244924e+00
2.265625000000000000e-01,5.485170887324946065e-01,2.988546463132143449e-01,5.302601803361807302e-05,1.823097257208131206e+00
2.304687500000000000e-01,5.492672606084366693e-01,3.040348682121163937e-01,5.491124056081463236e-05,1.820607328556731686e+00
2.343750000000000000e-01,5.500315286289482186e-01,3.092149173974936271e-01,5.683107902431488165e-05,1.818077597283702218e+00
2.382812500000000000e-01,5.508099967463975233e-01,3.143946870534469751e-01,5.878561915536769636e-05,1.815508080657471046e+00
2.421875000000000000e-01,5.516027702125505527e-01,3.195740666788179918e-01,6.077494562074800349e-05,1.812898799646468939e+00
2.460937500000000000e-01,5.524099555723904764e-01,3.247529420617787377e-01,6.279914194587488748e-05,1.810249779013903160e+00
2.500000000000000000e-01,5.532316606415834670e-01,3.299311952486064792e-01,6.485829039060050363e-05,1.807561047464815607e+00
2.539062500000000000e-01,5.540679944876759633e-01,3.351087045137720044e-01,6.695247183679875003e-05,1.804832637778796878e+00
2.578125000000000000e-01,5.549190674101671661e-01,3.402853443297400582e-01,6.908176567331591295e-05,1.802064586944265745e+00
2.617187500000000000e-01,5.557849909240777375e-01,3.454609853385849916e-01,7.124624969209064108e-05,1.799256936279165497e+00
2.656250000000000000e-01,5.566658777367080591e-01,3.506354943211167918e-01,7.344599996541835646e-05,1.796409731571476431e+00
2.695312500000000000e-01,5.575618417246605008e-01,3.558087341664354364e-01,7.568109072503788402e-05,1.793523023216190060e+00
2.734375000000000000e-01,5.584729979100113706e-01,3.609805638415294893e-01,7.795159424018380646e-05,1.790596866352226701e+00
2.773437500000000000e-01,5.593994624351245060e-01,3.661508383608008677e-01,8.025758069299653713e-05,1.787631321000730411e+00
2.812500000000000000e-01,5.603413525360357861e-01,3.713194087555264922e-01,8.259911805123840796e-05,1.784626452204756131e+00
2.851562500000000000e-01,5.612987865142723409e-01,3.764861220432361710e-01,8.497627193828069861e-05,1.781582330170551121e+00
2.890625000000000000e-01,5.622718837070884712e-01,3.816508211970733866e-01,8.738910550029725937e-05,1.778499030410247039e+00
2.929687500000000000e-01,5.632607644560543303e-01,3.868133451151662960e-01,8.983767927060932502e-05,1.775376633885920263e+00
2.968750000000000000e-01,5.642655500738822383e-01,3.919735285900138311e-01,9.232205103113869387e-05,1.772215227155130579e+00
3.007812500000000000e-01,5.652863628097472004e-01,3.971312022781220974e-01,9.484227567183858496e-05,1.769014902516868437e+00
3.046875000000000000e-01,5.663233258147224447e-01,4.022861926710403768e-01,9.739840505271197104e-05,1.765775758152611452e+00
3.085937500000000000e-01,5.673765630994191955e-01,4.074383220629511082e-01,9.999048784652889014e-05,1.762497898286951026e+00
3.125000000000000000e-01,5.684461994936658158e-01,4.125874085208203201e-01,1.026185693900860506e-04,1.759181433336582723e+00
3.164062500000000000e-01,5.695323606056378329e-01,4.177332658558924328e-01,1.052826915366978321e-04,1.755826480055681316e+00
3.203125000000000000e-01,5.706351727805564211e-01,4.228757035968910838e-01,1.079828925104203301e-04,1.752433161677119600e+00
3.242187500000000000e-01,5.717547630426341732e-01,4.280145269535526875e-01,1.107192067174798391e-04,1.749001608099297611e+00
3.281250000000000000e-01,5.728912590567611929e-01,4.331495367956949560e-01,1.134916646153726934e-04,1.745531956005845764e+00
3.320312500000000000e-01,5.740447890705672185e-01,4.382805296209611456e-01,1.163002925317248851e-04,1.742024349039200448e+00
3.359375000000000000e-01,5.752154818592773999e-01,4.434072975266092898e-01,1.191451124948266307e-04,1.738478937958493953e+00
3.398437500000000000e-01,5.764034666723268918e-01,4.485296281852231282e-01,1.220261420729076379e-04,1.734895880784975919e+00
3.437500000000000000e-01,5.776088731704237533e-01,4.536473048160200583e-01,1.249433941917931932e-04,1.731275342968890962e+00
3.476562500000000000e-01,5.788318313601154008e-01,4.587601061568220007e-01,1.278968769505132205e-04,1.727617497555794079e+00
3.515625000000000000e-01,5.800724715360766615e-01,4.638678064453943817e-01,1.308865934622984080e-04,1.723922525321573751e+00
3.554687500000000000e-01,5.813309242020692214e-01,4.689701753869434664e-01,1.339125416434734010e-04,1.720190614962713305e+00
3.593750000000000000e-01,5.826073200037311661e-01,4.740669781344300504e-01,1.369747140393715414e-04,1.716421963242061199e+00
3.632812500000000000e-01,5.839017896544553832e-01,4.791579752671393244e-01,1.400730976372317131e-04,1.712616775146014625e+00
3.671875000000000000e-01,5.852144638534659826e-01,4.842429227664690750e-01,1.432076736642558484e-04,1.708775264054980259e+00
3.710937500000000000e-01,5.865454732035413343e-01,4.893215719954045473e-01,1.463784173909173341e-04,1.704897651904616840e+00
3.750000000000000000e-01,5.878949481249681197e-01,4.943936696790636742e-01,1.495852979307216906e-04,1.700984169347601327e+00
3.789062500000000000e-01,5.892630187655940599e-01,4.994589578863776191e-01,1.528282780364194435e-04,1.697035055915828927e+00
3.828125000000000000e-01,5.906498149068537540e-01,5.045171740129736904e-01,1.561073138926796181e-04,1.693050560182942421e+00
3.867187500000000000e-01,5.920554658656286273e-01,5.095680507653239655e-01,1.594223549052328531e-04,1.689030939927100405e+00
3.906250000000000000e-01,5.934801003918092066e-01,5.146113161462322338e-01,1.627733434865002375e-04,1.684976462293867439e+00
3.945312500000000000e-01,5.949238465614210547e-01,5.196466934417313110e-01,1.661602148377265423e-04,1.680887403959118620e+00
3.984375000000000000e-01,5.963868316651733670e-01,5.246739012094614463e-01,1.695828967276470428e-04,1.676764051291838697e+00
4.023437500000000000e-01,5.978691820925196021e-01,5.296926532688430722e-01,1.730413092682976835e-04,1.672606700516052314e+00
4.062500000000000000e-01,5.993710232156578277e-01,5.347026586978961271e-01,1.765353646995579233e-04,1.668415657859043888e+00
4.101562500000000000e-01,6.008924792578067553e-01,5.397036218209018132e-01,1.800649671430426969e-04,1.664191239729196692e+00
4.140625000000000000e-01,6.024336731639113873e-01,5.446952422054823773e-01,1.836300123720549071e-04,1.659933772871819313e+00
4.179687500000000000e-01,6.039947264734910615e-01,5.496772146697498362e-01,1.872303875967893619e-04,1.655643594503948712e+00
4.218750000000000000e-01,6.055757591657148220e-01,5.546492292677531744e-01,1.908659711902181135e-04,1.651321052509883591e+00
4.257812500000000000e-01,6.071768895293537804e-01,5.596109713096661942e-01,1.945366324872251735e-04,1.646966505551847648e+00
4.296875000000000000e-01,6.087982339969986167e-01,5.645621213519029791e-01,1.982422315056096081e-04,1.642580323261795039e+00
4.335937500000000000e-01,6.104399069970694036e-01,5.695023552152810309e-01,2.019826187231483366e-04,1.638162886367127369e+00
4.375000000000000000e-01,6.121020207892802212e-01,5.744313439943545818e-01,2.057576348254703375e-04,1.633714586843777239e+00
4.414062500000000000e-01,6.137846852929353947e-01,5.793487540680340997e-01,2.095671104487654437e-04,1.629235828070130454e+00
4.453125000000000000e-01,6.154880079127432735e-01,5.842542471172125218e-01,2.134108659293348063e-04,1.624727024968727562e+00
4.492187500000000000e-01,6.172120933602874837e-01,5.891474801477024625e-01,2.172887110555630596e-04,1.620188604140434974e+00
4.531250000000000000e-01,6.189570434650274455e-01,5.940281055116661824e-01,2.212004448079797657e-04,1.615621004006722039e+00
4.570312500000000000e-01,6.207229569805834402e-01,5.988957709344417957e-01,2.251458551020210652e-04,1.611024674944124158e+00
4.609375000000000000e-01,6.225099293845616222e-01,6.037501195449855862e-01,2.291247185295646610e-04,1.606400079415022830e+00
4.648437500000000000e-01,6.243180526721111567e-01,6.085907899104378016e-01,2.331368001001487579e-04,1.601747692093720810e+00
4.687500000000000000e-01,6.261474151440324931e-01,6.134174160762426720e-01,2.371818529844076529e-04,1.597067999985227527e+00
4.726562500000000000e-01,6.279981011834808724e-01,6.182296276046631567e-01,2.412596182459246041e-04,1.592361502551473684e+00
4.765625000000000000e-01,6.298701910286435002e-01,6.230270496208194508e-01,2.453698245795403379e-04,1.587628711825362027e+00
4.804687500000000000e-01,6.317637605452509630e-01,6.278093028718613189e-01,2.495121880656841389e-04,1.582870152502793948e+00
4.843750000000000000e-01,6.336788809775165676e-01,6.325760037723210383e-01,2.536864118904797686e-04,1.578086362066216441e+00
4.882812500000000000e-01,6.356156187054948781e-01,6.373267644711682056e-01,2.578921860982935307e-04,1.573277890868409301e+00
4.921875000000000000e-01,6.375740349871267254e-01,6.420611929133897000e-01,2.621291873258804446e-04,1.568445302230965233e+00
4.960937500000000000e-01,6.395541857012448927e-01,6.467788929169929757e-01,2.663970785565224295e-04,1.563589172516385073e+00
5.000000000000000000e-01,6.415561210699409767e-01,6.514794642378864964e-01,2.706955088447037276e-04,1.558710091226738204e+00
5.039062500000000000e-01,6.435798853905230210e-01,6.561625026617252665e-01,2.750241130813155395e-04,1.553808661054100426e+00
5.078125000000000000e-01,6.456255167494806546e-01,6.608276000874105938e-01,2.793825117362388902e-04,1.548885497950394319e+00
5.117187500000000000e-01,6.476930467318177120e-01,6.654743446194428813e-01,2.837703106094466667e-04,1.543941231183322715e+00
5.156250000000000000e-01,6.497825001245111087e-01,6.701023206677328981e-01,2.881871005880249129e-04,1.538976503381331851e+00
5.195312500000000000e-01,6.518938946128464140e-01,6.747111090533998157e-01,2.926324574066210696e-04,1.533991970570441454e+00
5.234375000000000000e-01,6.540272404696877429e-01,6.793002871204687487e-01,2.971059414115680402e-04,1.528988302202600735e+00
5.273437500000000000e-01,6.561825402378296257e-01,6.838694288538824662e-01,3.016070973294834629e-04,1.523966181175067103e+00
5.312500000000000000e-01,6.583597884095030439e-01,6.884181050092009757e-01,3.061354540494013441e-04,1.518926303831295010e+00
5.351562500000000000e-01,6.605589710944947957e-01,6.929458832423341930e-01,3.106905243996380475e-04,1.513869379963272310e+00
5.390625000000000000e-01,6.627800656804408996e-01,6.974523282440289185e-01,3.152718049277869103e-04,1.508796132806670132e+00
5.429687500000000000e-01,6.650230405030436165e-01,7.019370019032850072e-01,3.198787757224457536e-04,1.503707298988572916e+00
5.468750000000000000e-01,6.672878544841081006e-01,7.063994634417100071e-01,3.245109001847480538e-04,1.498603628524180831e+00
5.507812500000000000e-01,6.695744567935449920e-01,7.108392695957348462e-01,3.291676248722426551e-04,1.493485884734604863e+00
5.546875000000000000e-01,6.718827864855242415e-01,7.152559747778552968e-01,3.338483793065030692e-04,1.488354844199517357e+00
5.585937500000000000e-01,6.742127721365668291e-01,7.196491312546923202e-01,3.385525758049692910e-04,1.483211296681639535e+00
5.625000000000000000e-01,6.765643314846156997e-01,7.240182893402842268e-01,3.432796093343635016e-04,1.478056045026279630e+00
5.664062500000000000e-01,6.789373710591973810e-01,7.283629975903528342e-01,3.480288573643068920e-04,1.472889905058428095e+00
5.703125000000000000e-01,6.813317858096329394e-01,7.326828030066158126e-01,3.527996797358189498e-04,1.467713705462443174e+00
5.742187500000000000e-01,6.837474587317459163e-01,7.369772512511519880e-01,3.575914185452079173e-04,1.462528287644180081e+00
5.781250000000000000e-01,6.861842604946868374e-01,7.412458868723884597e-01,3.624033980462138481e-04,1.457334505573001371e+00
5.820312500000000000e-01,6.886420490607614298e-01,7.454882535319042880e-01,3.672349245551409709e-04,1.452133225619753443e+00
5.859375000000000000e-01,6.911206693084362973e-01,7.497038942454568033e-01,3.720852863796921765e-04,1.446925326369765452e+00
5.898437500000000000e-01,6.936199526647891522e-01,7.538923516461202290e-01,3.769537537833174694e-04,1.441711698399306796e+00
5.937500000000000000e-01,6.961397167156464505e-01,7.580531682237522384e-01,3.818395789194137377e-04,1.436493244083173026e+00
5.976562500000000000e-01,6.986797648479518008e-01,7.621858866164565871e-01,3.867419958461274735e-04,1.431270877320487633e+00
6.015625000000000000e-01,7.012398858691628600e-01,7.662900498750525591e-01,3.916602205080675354e-04,1.426045523295546902e+00
6.054687500000000000e-01,7.038198536436344188e-01,7.703652017555061571e-01,3.965934507654733849e-04,1.420818118191833124e+00
6.093750000000000000e-01,7.064194267348761214e-01,7.744108870222475849e-01,4.015408664467542770e-04,1.415589608884449069e+00
6.132812500000000000e-01,7.090383480478367195e-01,7.784266517525944007e-01,4.065016294116689734e-04,1.410360952624431174e+00
6.171875000000000000e-01,7.116763444814222517e-01,7.824120436550473512e-01,4.114748836443164618e-04,1.405133116696004159e+00
6.210937500000000000e-01,7.143331265891522674e-01,7.863666123967747446e-01,4.164597553702679002e-04,1.399907078053162612e+00
6.250000000000000000e-01,7.170083882528480723e-01,7.902899099453207787e-01,4.214553532058767601e-04,1.394683822928103334e+00
6.289062500000000000e-01,7.197018063588158654e-01,7.941814909078417362e-01,4.264607683176909153e-04,1.389464346434387210e+00
6.328125000000000000e-01,7.224130404923521098e-01,7.980409128880741054e-01,4.314750746212384536e-04,1.384249652135932873e+00
6.367187500000000000e-01,7.251417326526843343e-01,8.018677368617571632e-01,4.364973290209891565e-04,1.379040751580853374e+00
6.406250000000000000e-01,7.278875069641446149e-01,8.056615275345805349e-01,4.415265716434033766e-04,1.373838663848999886e+00
6.445312500000000000e-01,7.306499694237259535e-01,8.094218537363478960e-01,4.465618261380201312e-04,1.368644415038728024e+00
6.484375000000000000e-01,7.334287076571844866e-01,8.131482888101128070e-01,4.516020999910627426e-04,1.363459037749330749e+00
6.523437500000000000e-01,7.362232906943524391e-01,8.168404110087106318e-01,4.566463848699670101e-04,1.358283570541312990e+00
6.562500000000000000e-01,7.390332687689608049e-01,8.204978039034819259e-01,4.616936570065017197e-04,1.353119057367664357e+00
6.601562500000000000e-01,7.418581731408155910e-01,8.241200567994667603e-01,4.667428776119246720e-04,1.347966546983348168e+00
6.640625000000000000e-01,7.446975159415286649e-01,8.277067651561458295e-01,4.717929933241550382e-04,1.342827092333844785e+00
6.679687500000000000e-01,7.475507900462408095e-01,8.312575310142451546e-01,4.768429366889379473e-04,1.337701749921424765e+00
6.718750000000000000e-01,7.504174689812613819e-01,8.347719634392845034e-01,4.818916266904667983e-04,1.332591579134694948e+00
6.757812500000000000e-01,7.532970068434720057e-01,8.382496789463174114e-01,4.869379692850579278e-04,1.327497641587988664e+00
6.796875000000000000e-01,7.561888382748862547e-01,8.416903019616405190e-01,4.919808580137942800e-04,1.322421000396311941e+00
6.835937500000000000e-01,7.590923784456974355e-01,8.450934652556850724e-01,4.970191746072204122e-04,1.317362719472404908e+00
6.875000000000000000e-01,7.620070230959653523e-01,8.484588104115010632e-01,5.020517896693557245e-04,1.312323862760595983e+00
6.914062500000000000e-01,7.649321485958632261e-01,8.517859882722009779e-01,5.070775633664902689e-04,1.307305493481527359e+00
6.953125000000000000e-01,7.678671120517316373e-01,8.550746594009740464e-01,5.120953461667005109e-04,1.302308673343245626e+00
6.992187500000000000e-01,7.708112514512319713e-01,8.583244945417422000e-01,5.171039796151632789e-04,1.297334461734006572e+00
7.031250000000000000e-01,7.737638858485981208e-01,8.615351750789546070e-01,5.221022971442688086e-04,1.292383914898387109e+00
7.070312500000000000e-01,7.767243155916382369e-01,8.647063934959638987e-01,5.270891249186844540e-04,1.287458085097143545e+00
7.109375000000000000e-01,7.796918226005558061e-01,8.678378538422332200e-01,5.320632827298200701e-04,1.282558019737383370e+00
7.148437500000000000e-01,7.826656706751956571e-01,8.709292721766236367e-01,5.370235848969840070e-04,1.277684760515064966e+00
7.187500000000000000e-01,7.856451058695247402e-01,8.739803770341877387e-01,5.419688412388907073e-04,1.272839342508516935e+00
7.226562500000000000e-01,7.886293568927315034e-01,8.769909098619936838e-01,5.468978580437718496e-04,1.268022793293020811e+00
7.265625000000000000e-01,7.916176355795114805e-01,8.799606254759202439e-01,5.518094391076238531e-04,1.263236132009540436e+00
7.304687500000000000e-01,7.946091373925342483e-01,8.828892924893744221e-01,5.567023867758053501e-04,1.258480368450637821e+00
7.343750000000000000e-01,7.976030419828575857e-01,8.857766937445982203e-01,5.615755030290601676e-04,1.253756502124138583e+00
7.382812500000000000e-01,8.005985137997042589e-01,8.886226267338596108e-01,5.664275905972815731e-04,1.249065521310950722e+00
7.421875000000000000e-01,8.035947027496181949e-01,8.914269040090336826e-01,5.712574540990929999e-04,1.244408402119068224e+00
7.460937500000000000e-01,8.065907449056161083e-01,8.941893535790045311e-01,5.760639012064284158e-04,1.239786107534640580e+00
7.500000000000000000e-01,8.095857632755730782e-01,8.969098193047925216e-01,5.808457438472427797e-04,1.235199586457663923e+00
7.539062500000000000e-01,8.125788686012259676e-01,8.995881612571055008e-01,5.856017993987139379e-04,1.230649772767781869e+00
7.578125000000000000e-01,8.155691602335495283e-01,9.022242560905178177e-01,5.903308919432264388e-04,1.226137584351076004e+00
7.617187500000000000e-01,8.185557270291526910e-01,9.048179973678187604e-01,5.950318534972561489e-04,1.221663922173481076e+00
7.656250000000000000e-01,8.215376483211095371e-01,9.073692958977739309e-01,5.997035252975279566e-04,1.217229669320201380e+00
7.695312500000000000e-01,8.245139949184004946e-01,9.098780800321896178e-01,6.043447590707351274e-04,1.212835690070932948e+00
7.734375000000000000e-01,8.274838301578818500e-01,9.123442959511159911e-01,6.089544183245476205e-04,1.208482828974679180e+00
7.773437500000000000e-01,8.304462109996737507e-01,9.147679079260997437e-01,6.135313796451956564e-04,1.204171909937695961e+00
7.812500000000000000e-01,8.334001891634384984e-01,9.171488985595347421e-01,6.180745339976437703e-04,1.199903735327674026e+00
7.851562500000000000e-01,8.363448123065742035e-01,9.194872690027902085e-01,6.225827880304465574e-04,1.195679085091802651e+00
7.890625000000000000e-01,8.392791252410742864e-01,9.217830391505976717e-01,6.270550653804170694e-04,1.191498715892356230e+00
7.929687500000000000e-01,8.422021711718171710e-01,9.240362477950986309e-01,6.314903079521464900e-04,1.187363360282754021e+00
7.968750000000000000e-01,8.451129929927994056e-01,9.262469527814044534e-01,6.358874772284907936e-04,1.183273725870311210e+00
8.007812500000000000e-01,8.480106345836297965e-01,9.284152311041629080e-01,6.402455555261233732e-04,1.179230494545621344e+00
8.046875000000000000e-01,8.508941421489532031e-01,9.305411789944698642e-01,6.445635472622716477e-04,1.175234321715362240e+00
8.085937500000000000e-01,8.537625655775603617e-01,9.326249119746414795e-01,6.488404801992316440e-04,1.171285835568946165e+00
8.125000000000000000e-01,8.566149598138881327e-01,9.346665648766161461e-01,6.530754066580766017e-04,1.167385636385879000e+00
8.164062500000000000e-01,8.594503862472466782e-01,9.366662918330950216e-01,6.572674047117541343e-04,1.163534295873037250e+00
8.203125000000000000e-01,8.622679141103507527e-01,9.386242662363177836e-01,6.614155793476559448e-04,1.159732356539968201e+00
8.242187500000000000e-01,8.650666218881855052e-01,9.405406806693724642e-01,6.655190636038669063e-04,1.155980331107093972e+00
8.281250000000000000e-01,8.678455987169264585e-01,9.424157467934655141e-01,6.695770196524204005e-04,1.152278701970095076e+00
8.320312500000000000e-01,8.706039457896842526e-01,9.442496952126500087e-01,6.735886398572468606e-04,1.148627920693544135e+00
8.359375000000000000e-01,8.733407777559164531e-01,9.460427753068151313e-01,6.775531477907541450e-04,1.145028407547325822e+00
8.398437500000000000e-01,8.760552240995062023e-01,9.477952550227846107e-01,6.814697991910353752e-04,1.141480551100983565e+00
8.437500000000000000e-01,8.787464305029840661e-01,9.495074206358287139e-01,6.853378828741696609e-04,1.137984707861187994e+00
8.476562500000000000e-01,8.814135601984133261e-01,9.511795764865004221e-01,6.891567216058359707e-04,1.134541201947122158e+00
8.515625000000000000e-01,8.840557952807075459e-01,9.528120446742111005e-01,6.929256729015744647e-04,1.131150324830433984e+00
8.554687500000000000e-01,8.866723379953348472e-01,9.544051647241160730e-01,6.966441297766734096e-04,1.127812335119065645e+00
8.593750000000000000e-01,8.892624119898414614e-01,9.559592932219843631e-01,7.003115214345911541e-04,1.124527458393713708e+00
8.632812500000000000e-01,8.918252635247309046e-01,9.574748034177591460e-01,7.039273138916022970e-04,1.121295887097584210e+00
8.671875000000000000e-01,8.943601626448671738e-01,9.589520848035941736e-01,7.074910105432074539e-04,1.118117780473055767e+00
8.710937500000000000e-01,8.968664042930897251e-01,9.603915426543876421e-01,7.110021526507972426e-04,1.114993264563410857e+00
8.750000000000000000e-01,8.993433093758268493e-01,9.617935975445840446e-01,7.144603197661661149e-04,1.111922432262304916e+00
8.789062500000000000e-01,9.017902257821347467e-01,9.631586848466097139e-01,7.178651300994044878e-04,1.108905343404766430e+00
8.828125000000000000e-01,9.042065293225429734e-01,9.644872541857090198e-01,7.212162407878510307e-04,1.105942024936745538e+00
8.867187500000000000e-01,9.065916246229366315e-01,9.657797688866692765e-01,7.245133481181374865e-04,1.103032471114999691e+00
8.906250000000000000e-01,9.089449459459589820e-01,9.670367053920591038e-01,7.277561876670149334e-04,1.100176643767217355e+00
8.945312500000000000e-01,9.112659579399762233e-01,9.682585526562977885e-01,7.309445343646423518e-04,1.097374472607994145e+00
8.984375000000000000e-01,9.135541563209074178e-01,9.694458115236004314e-01,7.340782024905337681e-04,1.094625855600318109e+00
9.023437500000000000e-01,9.158090684795952008e-01,9.705989940874900634e-01,7.371570455959387033e-04,1.091930659367870815e+00
9.062500000000000000e-01,9.180302540137860179e-01,9.717186230333472174e-01,7.401809563529242663e-04,1.089288719655837179e+00
9.101562500000000000e-01,9.202173051820459193e-01,9.728052309665531361e-01,7.431498663315879794e-04,1.086699841840260472e+00
9.140625000000000000e-01,9.223698472801469261e-01,9.738593597272946489e-01,7.460637457056459301e-04,1.084163801482416423e+00
9.179687500000000000e-01,9.244875389431057577e-01,9.748815596985721532e-01,7.489226028950065521e-04,1.081680344921924775e+00
9.218750000000000000e-01,9.265700723611067779e-01,9.758723891002754058e-01,7.517264841317711091e-04,1.079249189920172380e+00
9.257812500000000000e-01,9.286171734159475166e-01,9.768324132757233436e-01,7.544754729588157771e-04,1.076870026344083797e+00
9.296875000000000000e-01,9.306286017520617460e-01,9.777622039835501822e-01,7.571696896816386500e-04,1.074542516872289522e+00
9.335937500000000000e-01,9.326041507476736658e-01,9.786623386706809757e-01,7.598092907306968572e-04,1.072266297762340725e+00
9.375000000000000000e-01,9.345436474270912841e-01,9.795333997581032737e-01,7.623944679877218229e-04,1.070040979630130451e+00
9.414062500000000000e-01,9.364469522899577791e-01,9.803759739219074509e-01,7.649254480453237821e-04,1.067866148268870496e+00
9.453125000000000000e-01,9.383139590630655835e-01,9.811906513750201508e-01,7.674024914083330071e-04,1.065741365500444848e+00
9.492187500000000000e-01,9.401445943833151020e-01,9.819780251566260221e-01,7.698258916488161111e-04,1.063666170049030413e+00
9.531250000000000000e-01,9.419388174112411916e-01,9.827386904284545199e-01,7.721959745134123919e-04,1.061640078437716461e+00
9.570312500000000000e-01,9.436966193745971454e-01,9.834732437777586878e-01,7.745130969825858103e-04,1.059662585908929033e+00
9.609375000000000000e-01,9.454180230469126922e-01,9.841822825302999345e-01,7.767776462878873359e-04,1.057733167363553495e+00
9.648437500000000000e-01,9.471030821650429088e-01,9.848664040758906557e-01,7.789900388923174475e-04,1.055851278314960950e+00
9.687500000000000000e-01,9.487518807862849179e-01,9.855262052062101485e-01,7.811507194338410467e-04,1.054016355858228060e+00
9.726562500000000000e-01,9.503645325893581575e-01,9.861622814669713799e-01,7.832601596365890281e-04,1.052227819650850549e+00
9.765625000000000000e-01,9.519411801234816117e-01,9.867752265264523315e-01,7.853188571944199562e-04,1.050485072901546690e+00
9.804687500000000000e-01,9.534819940125383031e-01,9.873656315638588143e-01,7.873273346346658895e-04,1.048787503360918194e+00
9.843750000000000000e-01,9.549871721082648923e-01,9.879340846722926006e-01,7.892861381531837087e-04,1.047134484322300496e+00
9.882812500000000000e-01,9.564569386011871899e-01,9.884811702809696010e-01,7.911958364307627219e-04,1.045525375624849707e+00
9.921875000000000000e-01,9.578915431071164388e-01,9.890074686063081710e-01,7.930570194517127082e-04,1.043959524641272285e+00
9.960937500000000000e-01,9.592912596982892115e-01,9.895135551108448224e-01,7.948702972843785762e-04,1.042436267286031892e+00
1.000000000000000000e+00,9.606563859294144914e-01,9.899999999999515854e-01,7.966362988851922924e-04,1.040954928991099537e+00
1.003906250000000000e+00,9.619872418174304496e-01,9.904673677288899913e-01,7.983556708730304638e-04,1.039514825696392863e+00
1.007812500000000000e+00,9.632841688104692990e-01,9.909162165405175360e-01,8.000290763167499644e-04,1.038115264818345373e+00
1.011718750000000000e+00,9.645475287395582908e-01,9.913470980275783662e-01,8.016571935260779743e-04,1.036755546205970768e+00
1.015625000000000000e+00,9.657777027495522137e-01,9.917605567157812274e-01,8.032407148398542892e-04,1.035434963090385629e+00
1.019531250000000000e+00,9.669750902228257949e-01,9.921571296738874723e-01,8.047803454268074403e-04,1.034152803015395250e+00
1.023437500000000000e+00,9.681401076988020993e-01,9.925373461505594408e-01,8.062768021009564853e-04,1.032908348748123428e+00
1.027343750000000000e+00,9.692731877870509605e-01,9.929017272347721024e-01,8.077308121471560515e-04,1.031700879174323848e+00
1.031250000000000000e+00,9.703747780806909473e-01,9.932507855418020171e-01,8.091431121634723184e-04,1.030529670173316870e+00
1.035156250000000000e+00,9.714453400735938438e-01,9.935850249248562305e-01,8.105144469230791916e-04,1.029393995470957668e+00
1.039062500000000000e+00,9.724853480838716591e-01,9.939049402118486087e-01,8.118455682571452817e-04,1.028293127470086388e+00
1.042968750000000000e+00,9.734952881865998053e-01,9.942110169671050102e-01,8.131372339607819723e-04,1.027226338057344313e+00
1.046875000000000000e+00,9.744756571585507787e-01,9.945037312776993099e-01,8.143902067239755169e-04,1.026192899385373059e+00
1.050781250000000000e+00,9.754269614375564723e-01,9.947835495640490189e-01,8.156052530892485145e-04,1.025192084629512834e+00
1.054687500000000000e+00,9.763497160989909052e-01,9.950509284143611577e-01,8.167831424377195674e-04,1.024223168718175980e+00
1.058593750000000000e+00,9.772444438524668930e-01,9.953063144428342390e-01,8.179246460060027443e-04,1.023285429035366789e+00
1.062500000000000000e+00,9.781116740578027491e-01,9.955501441695351339e-01,8.190305359315248500e-04,1.022378146097971729e+00
1.066406250000000000e+00,9.789519417654326539e-01,9.957828439230163031e-01,8.201015843313795616e-04,1.021500604203930074e+00
1.070312500000000000e+00,9.797657867821585320e-01,9.960048297645646143e-01,8.211385624146695346e-04,1.020652092051812287e+00
1.074218750000000000e+00,9.805537527650888263e-01,9.962165074339706106e-01,8.221422396307172774e-04,1.019831903330209233e+00
1.078125000000000000e+00,9.813163863399736453e-01,9.964182723136281172e-01,8.231133828475508535e-04,1.019039337282148905e+00
1.082031250000000000e+00,9.820542362487472143e-01,9.966105094119867003e-01,8.240527555655772574e-04,1.018273699240687558e+00
1.085937500000000000e+00,9.827678525330389991e-01,9.967935933681354443e-01,8.249611171737913180e-04,1.017534301129759067e+00
1.089843750000000000e+00,9.834577857416831881e-01,9.969678884707473543e-01,8.258392222331943904e-04,1.016820461943713561e+00
1.093750000000000000e+00,9.841245861718578292e-01,9.971337486947502438e-01,8.266878197983846622e-04,1.016131508196432609e+00
1.097656250000000000e+00,9.847688031484378435e-01,9.972915177565183642e-01,8.275076527822003685e-04,1.015466774336134526e+00
1.101562500000000000e+00,9.853909843241075439e-01,9.974415291788880644e-01,8.282994573416925174e-04,1.014825603144636990e+00
1.105468750000000000e+00,9.859916750271580099e-01,9.975841063767768579e-01,8.290639623174690925e-04,1.014207346093927375e+00
1.109375000000000000e+00,9.865714176274480440e-01,9.977195627496997510e-01,8.298018886902345939e-04,1.013611363691080403e+00
1.113281250000000000e+00,9.871307509500801824e-01,9.978482017929181103e-01,8.305139490898074588e-04,1.013037025781573064e+00
1.117187500000000000e+00,9.876702097080367615e-01,9.979703172143062906e-01,8.312008473215482494e-04,1.012483711841028367e+00
1.121093750000000000e+00,9.881903239816046680e-01,9.980861930676917515e-01,8.318632779434393830e-04,1.011950811227144920e+00
1.125000000000000000e+00,9.886916187170294856e-01,9.981961038906956851e-01,8.325019258603405742e-04,1.011437723420417711e+00
1.128906250000000000e+00,9.891746132691502380e-01,9.983003148563848184e-01,8.331174659650149176e-04,1.010943858228500858e+00
1.132812500000000000e+00,9.896398209676861013e-01,9.983990819299908281e-01,8.337105628012719339e-04,1.010468635975241503e+00
1.136718750000000000e+00,9.900877487169709168e-01,9.984926520340550171e-01,8.342818702608885027e-04,1.010011487664476348e+00
1.140625000000000000e+00,9.905188966299667275e-01,9.985812632216707341e-01,8.348320313151994356e-04,1.009571855117848527e+00
1.144531250000000000e+00,9.909337576852882412e-01,9.986651448531325137e-01,8.353616777677535556e-04,1.009149191098191567e+00
1.148437500000000000e+00,9.913328174189656172e-01,9.987445177799406659e-01,8.358714300421035649e-04,1.008742959406509154e+00
1.152343750000000000e+00,9.917165536433970585e-01,9.988195945328902647e-01,8.363618969956402921e-04,1.008352634960232308e+00
1.156250000000000000e+00,9.920854361911440877e-01,9.988905795131101106e-01,8.368336757567080121e-04,1.007977703855065021e+00
1.160156250000000000e+00,9.924399266878553005e-01,9.989576691872300573e-01,8.372873515901566553e-04,1.007617663405961039e+00
1.164062500000000000e+00,9.927804783517441001e-01,9.990210522854263697e-01,8.377234977883601897e-04,1.007272022169736880e+00
1.167968750000000000e+00,9.931075358153257371e-01,9.990809100006147192e-01,8.381426755825926349e-04,1.006940299953534845e+00
1.171875000000000000e+00,9.934215349715757037e-01,9.991374161893296080e-01,8.385454340774884741e-04,1.006622027806768349e+00
1.175781250000000000e+00,9.937229028450048629e-01,9.991907375741975184e-01,8.389323102093140978e-04,1.006316747995868788e+00
1.179687500000000000e+00,9.940120574831081690e-01,9.992410339463203561e-01,8.393038287227117759e-04,1.006024013966242636e+00
1.183593750000000000e+00,9.942894078686661530e-01,9.992884583675935017e-01,8.396605021666526556e-04,1.005743390290735340e+00
1.187500000000000000e+00,9.945553538521731962e-01,9.993331573725988681e-01,8.400028309088982846e-04,1.005474452605114699e+00
1.191406250000000000e+00,9.948102861037420030e-01,9.993752711697517777e-01,8.403313031683339041e-04,1.005216787531001410e+00
1.195312500000000000e+00,9.950545860833838185e-01,9.994149338412506856e-01,8.406463950640580881e-04,1.004969992587122052e+00
1.199218750000000000e+00,9.952886260274114161e-01,9.994522735410994452e-01,8.409485706786692504e-04,1.004733676090918015e+00
1.203125000000000000e+00,9.955127689514597922e-01,9.994874126913061430e-01,8.412382821365695443e-04,1.004507457049763852e+00
1.207031250000000000e+00,9.957273686686899383e-01,9.995204681757948739e-01,8.415159696956974736e-04,1.004290965042994310e+00
1.210937500000000000e+00,9.959327698221878133e-01,9.995515515317395794e-01,8.417820618517553918e-04,1.004083840095489899e+00
1.214843750000000000e+00,9.961293079313767729e-01,9.995807691382524451e-01,8.420369754548453697e-04,1.003885732542757259e+00
1.218750000000000000e+00,9.963173094502812965e-01,9.996082224018432161e-01,8.422811158361526900e-04,1.003696302889438563e+00
1.222656250000000000e+00,9.964970918376431230e-01,9.996340079386870636e-01,8.425148769448443688e-04,1.003515221661005707e+00
1.226562500000000000e+00,9.966689636379277850e-01,9.996582177534701907e-01,8.427386414942158142e-04,1.003342169249370031e+00
1.230468750000000000e+00,9.968332245723643403e-01,9.996809394146413119e-01,8.429527811162485082e-04,1.003176835753035956e+00
1.234375000000000000e+00,9.969901656392275990e-01,9.997022562259217926e-01,8.431576565238117467e-04,1.003018920812365877e+00
1.238281250000000000e+00,9.971400692225478313e-01,9.997222473939362253e-01,8.433536176797000591e-04,1.002868133440552700e+00
1.242187500000000000e+00,9.972832092088611544e-01,9.997409881919401275e-01,8.435410039722276640e-04,1.002724191850471458e+00
1.246093750000000000e+00,9.974198511107410514e-01,9.997585501194240498e-01,8.437201443960351196e-04,1.002586823278467598e+00
1.250000000000000000e+00,9.975502521967793967e-01,9.997750010576027524e-01,8.438913577378662819e-04,1.002455763805207622e+00
1.253906250000000000e+00,9.976746616273356461e-01,9.997904054207322755e-01,8.440549527666819625e-04,1.002330758174083902e+00
1.257812500000000000e+00,9.977933205954051532e-01,9.998048243032007232e-01,8.442112284274656212e-04,1.002211559607633085e+00
1.261718750000000000e+00,9.979064624720170862e-01,9.998183156223712231e-01,8.443604740381703165e-04,1.002097929622378425e+00
1.265625000000000000e+00,9.980143129556007242e-01,9.998309342571590763e-01,8.445029694892893174e-04,1.001989637842486180e+00
1.269531250000000000e+00,9.981170902247766819e-01,9.998427321823462055e-01,8.446389854455298510e-04,1.001886461812610873e+00
1.273437500000000000e+00,9.982150050940744590e-01,9.998537585986397858e-01,8.447687835491234521e-04,1.001788186810272707e+00
1.277343750000000000e+00,9.983082611720515143e-01,9.998640600584881577e-01,8.448926166242904474e-04,1.001694605658138393e+00
1.281250000000000000e+00,9.983970550214495976e-01,9.998736805877033174e-01,8.450107288825207345e-04,1.001605518536426320e+00
1.285156250000000000e+00,9.984815763208650941e-01,9.998826618029059699e-01,8.451233561281749429e-04,1.001520732795821766e+00
1.289062500000000000e+00,9.985620080275302568e-01,9.998910430248445502e-01,8.452307259640421191e-04,1.001440062771174588e+00
1.292968750000000000e+00,9.986385265408667111e-01,9.998988613876469422e-01,8.453330579965330103e-04,1.001363329596194562e+00
1.296875000000000000e+00,9.987113018664298680e-01,9.999061519440634038e-01,8.454305640401895425e-04,1.001290361019407493e+00
1.300781250000000000e+00,9.987804977799135120e-01,9.999129477667658694e-01,8.455234483211646317e-04,1.001220991221591916e+00
1.304687500000000000e+00,9.988462719908911547e-01,9.999192800457697983e-01,8.456119076794285996e-04,1.001155060634915550e+00
1.308593750000000000e+00,9.989087763060108260e-01,9.999251781820620577e-01,8.456961317693974245e-04,1.001092415763954468e+00
1.312500000000000000e+00,9.989681567913651916e-01,9.999306698775097813e-01,8.457763032587702155e-04,1.001032909008780614e+00
1.316406250000000000e+00,9.990245539337899716e-01,9.999357812211324692e-01,8.458525980253531066e-04,1.000976398490276420e+00
1.320312500000000000e+00,9.990781028008505205e-01,9.999405367718262605e-01,8.459251853516277933e-04,1.000922747877833530e+00
1.324218750000000000e+00,9.991289331993080669e-01,9.999449596376269733e-01,8.459942281169120564e-04,1.000871826219567717e+00
1.328125000000000000e+00,9.991771698318667738e-01,9.999490715516021755e-01,8.460598829869255726e-04,1.000823507775174370e+00
1.332031250000000000e+00,9.992229324520179867e-01,9.999528929444650993e-01,8.461223006005992500e-04,1.000777671851540873e+00
1.335937500000000000e+00,9.992663360168276832e-01,9.999564430140059912e-01,8.461816257540069825e-04,1.000734202641206494e+00
1.339843750000000000e+00,9.993074908377792553e-01,9.999597397914938846e-01,8.462379975817400967e-04,1.000692989063496574e+00
1.343750000000000000e+00,9.993465027276614565e-01,9.999628002047068476e-01,8.462915497323958815e-04,1.000653924610287682e+00
1.347656250000000000e+00,9.993834731492827750e-01,9.999656401390654148e-01,8.463424105481960613e-04,1.000616907190564620e+00
1.351562500000000000e+00,9.994184993547409190e-01,9.999682744943596546e-01,8.463907032295207638e-04,1.000581838985004302e+00
1.355468750000000000e+00,9.994516745299000249e-01,9.999707172405748468e-01,8.464365460095150517e-04,1.000548626295871601e+00
1.359375000000000000e+00,9.994830879287662784e-01,9.999729814694394703e-01,8.464800523127042307e-04,1.000517179407512502e+00
1.363281250000000000e+00,9.995128250111522394e-01,9.999750794447985758e-01,8.465213309205049013e-04,1.000487412443999746e+00
1.367187500000000000e+00,9.995409675730260179e-01,9.999770226495910963e-01,8.465604861256452712e-04,1.000459243234510520e+00
1.371093750000000000e+00,9.995675938764870816e-01,9.999788218310325938e-01,8.465976178873477719e-04,1.000432593179452656e+00
1.375000000000000000e+00,9.995927787761980099e-01,9.999804870434150228e-01,8.466328219819285348e-04,1.000407387120483715e+00
1.378906250000000000e+00,9.996165938415423335e-01,9.999820276884960890e-01,8.466661901476425734e-04,1.000383553215122401e+00
1.382812500000000000e+00,9.996391074786886710e-01,9.999834525543765951e-01,8.466978102308137443e-04,1.000361022811744105e+00
1.386718750000000000e+00,9.996603850454224283e-01,9.999847698515846872e-01,8.467277663213167594e-04,1.000339730332078902e+00
1.390625000000000000e+00,9.996804889679848927e-01,9.999859872481908774e-01,8.467561388928996182e-04,1.000319613151943177e+00
1.394531250000000000e+00,9.996994788495087159e-01,9.999871119021137567e-01,8.467830049309324394e-04,1.000300611490602343e+00
1.398437500000000000e+00,9.997174115806017891e-01,9.999881504926015907e-01,8.468084380652516089e-04,1.000282668298185795e+00
1.402343750000000000e+00,9.997343414423890406e-01,9.999891092492465550e-01,8.468325086919058177e-04,1.000265729150833893e+00
1.406250000000000000e+00,9.997503202100693764e-01,9.999899939800047655e-01,8.468552840972422410e-04,1.000249742145497001e+00
1.410156250000000000e+00,9.997653972512009490e-01,9.999908100973012859e-01,8.468768285747166379e-04,1.000234657800163962e+00
1.414062500000000000e+00,9.997796196220104514e-01,9.999915626428433901e-01,8.468972035398638840e-04,1.000220428956206220e+00
1.417968750000000000e+00,9.997930321610931648e-01,9.999922563110882345e-01,8.469164676424028497e-04,1.000207010683460629e+00
1.421875000000000000e+00,9.998056775787450556e-01,9.999928954711635454e-01,8.469346768725243176e-04,1.000194360189797571e+00
1.425781250000000000e+00,9.998175965458773184e-01,9.999934841878924674e-01,8.469518846679196253e-04,1.000182436731212654e+00
1.429687500000000000e+00,9.998288277770145394e-01,9.999940262411615155e-01,8.469681420123833246e-04,1.000171201527931597e+00
1.433593750000000000e+00,9.998394081139754253e-01,9.999945251446498151e-01,8.469834975369531973e-04,1.000160617679920705e+00
1.437500000000000000e+00,9.998493726033903517e-01,9.999949841629833802e-01,8.469979976121733665e-04,1.000150650088640347e+00
1.441406250000000000e+00,9.998587545746608907e-01,9.999954063282999739e-01,8.470116864424546890e-04,1.000141265378427624e+00
1.445312500000000000e+00,9.998675857127723443e-01,9.999957944554864753e-01,8.470246061531920253e-04,1.000132431823093082e+00
1.449218750000000000e+00,9.998758961303011450e-01,9.999961511567366790e-01,8.470367968778590682e-04,1.000124119273380963e+00
1.453125000000000000e+00,9.998837144359796758e-01,9.999964788551019002e-01,8.470482968406537133e-04,1.000116299087925320e+00
1.457031250000000000e+00,9.998910678008841035e-01,9.999967797972305616e-01,8.470591424364255512e-04,1.000108944066632644e+00
1.460937500000000000e+00,9.998979820229091375e-01,9.999970560654016793e-01,8.470693683089988496e-04,1.000102028385820407e+00
1.464843750000000000e+00,9.999044815875409720e-01,9.999973095886591778e-01,8.470790074245069037e-04,1.000095527537097739e+00
1.468750000000000000e+00,9.999105897281784783e-01,9.999975421534522679e-01,8.470880911451438055e-04,1.000089418266733032e+00
1.472656250000000000e+00,9.999163284820937747e-01,9.999977554133774316e-01,8.470966492968000101e-04,1.000083678519414931e+00
1.476562500000000000e+00,9.999217187464033429e-01,9.999979508985311627e-01,8.471047102377970680e-04,1.000078287382031084e+00
1.480468750000000000e+00,9.999267803298822477e-01,9.999981300240554649e-01,8.471123009217988893e-04,1.000073225031630431e+00
1.484375000000000000e+00,9.999315320044259714e-01,9.999982940983048740e-01,8.471194469611493172e-04,1.000068472683761422e+00
1.488281250000000000e+00,9.999359915532531895e-01,9.999984443303587822e-01,8.471261726858080564e-04,1.000064012544090275e+00
1.492187500000000000e+00,9.999401758178986244e-01,9.999985818371148749e-01,8.471325012012382877e-04,1.000059827761248243e+00
1.496093750000000000e+00,9.999441007431110195e-01,9.999987076498952909e-01,8.471384544437516109e-04,1.000055902381790540e+00
1.500000000000000000e+00,9.999477814196299219e-01,9.999988227205890423e-01,8.471440532332401687e-04,1.000052221307292655e+00
1.503906250000000000e+00,9.999512321259046432e-01,9.999989279274462683e-01,8.471493173250166896e-04,1.000048770252516928e+00
1.507812500000000000e+00,9.999544663670463240e-01,9.999990240803960928e-01,8.471542654579116479e-04,1.000045535706359789e+00
1.511718750000000000e+00,9.999574969133718794e-01,9.999991119261066874e-01,8.471589154024998774e-04,1.000042504893217332e+00
1.515625000000000000e+00,9.999603358360086292e-01,9.999991921525936966e-01,8.471632840052247806e-04,1.000039665737299632e+00
1.519531250000000000e+00,9.999629945422117139e-01,9.999992653936137232e-01,8.471673872328069248e-04,1.000037006827242836e+00
1.523437500000000000e+00,9.999654838080854757e-01,9.999993322326685696e-01,8.471712402130610010e-04,1.000034517383323163e+00
1.527343750000000000e+00,9.999678138106825598e-01,9.999993932067965385e-01,8.471748572753750543e-04,1.000032187225301517e+00
1.531250000000000000e+00,9.999699941583128915e-01,9.999994488100666379e-01,8.471782519888845916e-04,1.000030006742064659e+00
1.535156250000000000e+00,9.999720339189860363e-01,9.999994994967923434e-01,8.471814371981873943e-04,1.000027966863137552e+00
1.539062500000000000e+00,9.999739416491625343e-01,9.999995456846320074e-01,8.471844250601907791e-04,1.000026059029892833e+00
1.542968750000000000e+00,9.999757254196073308e-01,9.999995877573506498e-01,8.471872270767273269e-04,1.000024275169662191e+00
1.546875000000000000e+00,9.999773928401655132e-01,9.999996260673980064e-01,8.471898541259413433e-04,1.000022607670929764e+00
1.550781250000000000e+00,9.999789510846602836e-01,9.999996609383833279e-01,8.471923164944272127e-04,1.000021049358405856e+00
1.554687500000000000e+00,9.999804069137508966e-01,9.999996926673087039e-01,8.471946239064955930e-04,1.000019593470145685e+00
1.558593750000000000e+00,9.999817666961325902e-01,9.999997215266066553e-01,8.471967855511467393e-04,1.000018233636326803e+00
1.562500000000000000e+00,9.999830364299402419e-01,9.999997477661026757e-01,8.471988101098930834e-04,1.000016963857827346e+00
1.566406250000000000e+00,9.999842217628044372e-01,9.999997716148097959e-01,8.472007057827695689e-04,1.000015778486152307e+00
1.570312500000000000e+00,9.999853280102186659e-01,9.999997932825488434e-01,8.472024803119592839e-04,1.000014672205051802e+00
1.574218750000000000e+00,9.999863601736314056e-01,9.999998129614839915e-01,8.472041410053699796e-04,1.000013640012415994e+00
1.578125000000000000e+00,9.999873229579780975e-01,9.999998308275594994e-01,8.472056947596833410e-04,1.000012677202731348e+00
1.582031250000000000e+00,9.999882207876626961e-01,9.999998470417885699e-01,8.472071480811727527e-04,1.000011779351088759e+00
1.585937500000000000e+00,9.999890578217675019e-01,9.999998617514492816e-01,8.472085071055885427e-04,1.000010942297965055e+00
1.589843750000000000e+00,9.999898379692270245e-01,9.999998750912234557e-01,8.472097776183363941e-04,1.000010162134040925e+00
1.593750000000000000e+00,9.999905649027158727e-01,9.999998871842213921e-01,8.472109650728180345e-04,1.000009435186306028e+00
1.597656250000000000e+00,9.999912420715224570e-01,9.999998981429142342e-01,8.472120746073626791e-04,1.000008758005179521e+00
1.601562500000000000e+00,9.999918727144633257e-01,9.999999080700253673e-01,8.472131110625500880e-04,1.000008127351589948e+00
1.605468750000000000e+00,9.999924598719219793e-01,9.999999170593425468e-01,8.472140789973214847e-04,1.000007540184931987e+00
1.609375000000000000e+00,9.999930063968585081e-01,9.999999251964483138e-01,8.472149827036270196e-04,1.000006993652052367e+00
1.613281250000000000e+00,9.999935149656253852e-01,9.999999325594086663e-01,8.472158262209951701e-04,1.000006485076430529e+00
1.617187500000000000e+00,9.999939880883639276e-01,9.999999392194141024e-01,8.472166133506541484e-04,1.000006011947779383e+00
1.621093750000000000e+00,9.999944281184698358e-01,9.999999452413530499e-01,8.472173476682776745e-04,1.000005571912576219e+00
1.625000000000000000e+00,9.999948372615901082e-01,9.999999506843395558e-01,8.472180325361666374e-04,1.000005162765063904e+00
1.628906250000000000e+00,9.999952175845262525e-01,9.999999556022173275e-01,8.472186711154926653e-04,1.000004782438345341e+00
1.632812500000000000e+00,9.999955710233626727e-01,9.999999600440060421e-01,8.472192663773941762e-04,1.000004428996253303e+00
1.636718750000000000e+00,9.999958993909917604e-01,9.999999640543104640e-01,8.472198211132453980e-04,1.000004100625823344e+00
1.640625000000000000e+00,9.999962043846235549e-01,9.999999676737069132e-01,8.472203379450746847e-04,1.000003795629783143e+00
1.644531250000000000e+00,9.999964875927436214e-01,9.999999709390944291e-01,8.472208193352024231e-04,1.000003512419593399e+00
1.648437500000000000e+00,9.999967505014782931e-01,9.999999738840089636e-01,8.472212675950227447e-04,1.000003249509080927e+00
1.652343750000000000e+00,9.999969945008205796e-01,9.999999765389198103e-01,8.472216848936942740e-04,1.000003005508212528e+00
1.656250000000000000e+00,9.999972208905759663e-01,9.999999789315019427e-01,8.472220732665025796e-04,1.000002779117147522e+00
1.660156250000000000e+00,9.999974308857658700e-01,9.999999810868795969e-01,8.472224346223994991e-04,1.000002569120834517e+00
1.664062500000000000e+00,9.999976256217588677e-01,9.999999830278509805e-01,8.472227707512245765e-04,1.000002374383878845e+00
1.667968750000000000e+00,9.999978061593096657e-01,9.999999847750982163e-01,8.472230833308697952e-04,1.000002193845503262e+00
1.671875000000000000e+00,9.999979734891435434e-01,9.999999863473764128e-01,8.472233739337816467e-04,1.000002026514963172e+00
1.675781250000000000e+00,9.999981285362052885e-01,9.999999877616834176e-01,8.472236440329696710e-04,1.000001871467297132e+00
1.679687500000000000e+00,9.999982721638656091e-01,9.999999890334204666e-01,8.472238950080702904e-04,1.000001727839119781e+00
1.683593750000000000e+00,9.999984051778055827e-01,9.999999901765376231e-01,8.472241281509208018e-04,1.000001594824737827e+00
1.687500000000000000e+00,9.999985283295660388e-01,9.999999912036634520e-01,8.472243446706417911e-04,1.000001471672599784e+00
1.691406250000000000e+00,9.999986423200045715e-01,9.999999921262257008e-01,8.472245456986514595e-04,1.000001357681838732e+00
1.695312500000000000e+00,9.999987478025803567e-01,9.999999929545635435e-01,8.472247322934568217e-04,1.000001252198987611e+00
1.699218750000000000e+00,9.999988453863315474e-01,9.999999936980258353e-01,8.472249054449716493e-04,1.000001154615001608e+00
1.703125000000000000e+00,9.999989356386966843e-01,9.999999943650621503e-01,8.472250660786288497e-04,1.000001064362436187e+00
1.707031250000000000e+00,9.999990190882720453e-01,9.999999949633081586e-01,8.472252150594689925e-04,1.000000980912690185e+00
1.710937500000000000e+00,9.999990962273080930e-01,9.999999954996597884e-01,8.472253531957953717e-04,1.000000903773508698e+00
1.714843750000000000e+00,9.999991675140240677e-01,9.999999959803429483e-01,8.472254812425971575e-04,1.000000832486668934e+00
1.718750000000000000e+00,9.999992333748854989e-01,9.999999964109759221e-01,8.472255999049402384e-04,1.000000766625702253e+00
1.722656250000000000e+00,9.999992942066967538e-01,9.999999967966280989e-01,8.472257098410956866e-04,1.000000705793801403e+00
1.726562500000000000e+00,9.999993503785152837e-01,9.999999971418700451e-01,8.472258116653867644e-04,1.000000649621906712e+00
1.730468750000000000e+00,9.999994022335061405e-01,9.999999974508217981e-01,8.472259059509870335e-04,1.000000597766851129e+00
1.734375000000000000e+00,9.999994500906921324e-01,9.999999977271958329e-01,8.472259932325635311e-04,1.000000549909610292e+00
1.738281250000000000e+00,9.999994942465411096e-01,9.999999979743362521e-01,8.472260740086771935e-04,1.000000505753714686e+00
1.742187500000000000e+00,9.999995349764665420e-01,9.999999981952535366e-01,8.472261487440531759e-04,1.000000465023749729e+00
1.746093750000000000e+00,9.999995725362831323e-01,9.999999983926566305e-01,8.472262178718203800e-04,1.000000427463899610e+00
1.750000000000000000e+00,9.999996071635222084e-01,9.999999985689839166e-01,8.472262817955175532e-04,1.000000392836632113e+00
1.753906250000000000e+00,9.999996390786495271e-01,9.999999987264268642e-01,8.472263408909648389e-04,1.000000360921480702e+00
1.757812500000000000e+00,9.999996684862566543e-01,9.999999988669561191e-01,8.472263955081064859e-04,1.000000331513853258e+00
1.761718750000000000e+00,9.999996955761550899e-01,9.999999989923425980e-01,8.472264459727075168e-04,1.000000304423937614e+00
1.765625000000000000e+00,9.999997205243680298e-01,9.999999991041763625e-01,8.472264925878921025e-04,1.000000279475710130e+00
1.769531250000000000e+00,9.999997434940955943e-01,9.999999992038854923e-01,8.472265356356555900e-04,1.000000256505970242e+00
1.773437500000000000e+00,9.999997646366175497e-01,9.999999992927516290e-01,8.472265753782798206e-04,1.000000235363437850e+00
1.777343750000000000e+00,9.999997840921097669e-01,9.999999993719249636e-01,8.472266120596161744e-04,1.000000215907936862e+00
1.781250000000000000e+00,9.999998019904158264e-01,9.999999994424362271e-01,8.472266459063076830e-04,1.000000198009623364e+00
1.785156250000000000e+00,9.999998184517916444e-01,9.999999995052100132e-01,8.472266771289643046e-04,1.000000181548241329e+00
1.789062500000000000e+00,9.999998335875747157e-01,9.999999995610747705e-01,8.472267059232393201e-04,1.000000166412452929e+00
1.792968750000000000e+00,9.999998475008043952e-01,9.999999996107727940e-01,8.472267324708086930e-04,1.000000152499218808e+00
1.796875000000000000e+00,9.999998602868258590e-01,9.999999996549679970e-01,8.472267569403454414e-04,1.000000139713193681e+00
1.800781250000000000e+00,9.999998720338391101e-01,9.999999996942554592e-01,8.472267794884107443e-04,1.000000127966177210e+00
1.804687500000000000e+00,9.999998828234035742e-01,9.999999997291674214e-01,8.472268002602582025e-04,1.000000117176610193e+00
1.808593750000000000e+00,9.999998927309166064e-01,9.999999997601792812e-01,8.472268193906212948e-04,1.000000107269094940e+00
1.812500000000000000e+00,9.999999018260689043e-01,9.999999997877168090e-01,8.472268370044458647e-04,1.000000098173940755e+00
1.816406250000000000e+00,9.999999101732487405e-01,9.999999998121602562e-01,8.472268532175618923e-04,1.000000089826759364e+00
1.820312500000000000e+00,9.999999178319275428e-01,9.999999998338490181e-01,8.472268681373076697e-04,1.000000082168079230e+00
1.824218750000000000e+00,9.999999248570260457e-01,9.999999998530868517e-01,8.472268818631352189e-04,1.000000075142979616e+00
1.828125000000000000e+00,9.999999312992459144e-01,9.999999998701440962e-01,8.472268944871643196e-04,1.000000068700758860e+00
1.832031250000000000e+00,9.999999372053758329e-01,9.999999998852624472e-01,8.472269060946853621e-04,1.000000062794628164e+00
1.835937500000000000e+00,9.999999426185852691e-01,9.999999998986572880e-01,8.472269167646512495e-04,1.000000057381418062e+00
1.839843750000000000e+00,9.999999475786941483e-01,9.999999999105205761e-01,8.472269265701313536e-04,1.000000052421308627e+00
1.843750000000000000e+00,9.999999521224195442e-01,9.999999999210237300e-01,8.472269355787186325e-04,1.000000047877582787e+00
1.847656250000000000e+00,9.999999562836060507e-01,9.999999999303191833e-01,8.472269438529274246e-04,1.000000043716395837e+00
1.851562500000000000e+00,9.999999600934470489e-01,9.999999999385428273e-01,8.472269514505634865e-04,1.000000039906554505e+00
1.855468750000000000e+00,9.999999635806811060e-01,9.999999999458155653e-01,8.472269584250544583e-04,1.000000036419320226e+00
1.859375000000000000e+00,9.999999667717738294e-01,9.999999999522449778e-01,8.472269648257674257e-04,1.000000033228227281e+00
1.863281250000000000e+00,9.999999696910990554e-01,9.999999999579266552e-01,8.472269706983109796e-04,1.000000030308901833e+00
1.867187500000000000e+00,9.999999723610913938e-01,9.999999999629458625e-01,8.472269760848061574e-04,1.000000027638909383e+00
1.871093750000000000e+00,9.999999748023948865e-01,9.999999999673778728e-01,8.472269810241355933e-04,1.000000025197605780e+00
1.875000000000000000e+00,9.999999770340034511e-01,9.999999999712904097e-01,8.472269855521904992e-04,1.000000022965997104e+00
1.878906250000000000e+00,9.999999790733864469e-01,9.999999999747427593e-01,8.472269897020889146e-04,1.000000020926613997e+00
1.882812500000000000e+00,9.999999809366056924e-01,9.999999999777878790e-01,8.472269935043776935e-04,1.000000019063394641e+00
1.886718750000000000e+00,9.999999826384254886e-01,9.999999999804730644e-01,8.472269969872265770e-04,1.000000017361574844e+00
1.890625000000000000e+00,9.999999841924129829e-01,9.999999999828396158e-01,8.472270001766012311e-04,1.000000015807587239e+00
1.894531250000000000e+00,9.999999856110333152e-01,9.999999999849250587e-01,8.472270030964410567e-04,1.000000014388966907e+00
1.898437500000000000e+00,9.999999869057327739e-01,9.999999999867618117e-01,8.472270057687957987e-04,1.000000013094267448e+00
1.902343750000000000e+00,9.999999880870217295e-01,9.999999999883790736e-01,8.472270082139753827e-04,1.000000011912978382e+00
1.906250000000000000e+00,9.999999891645489081e-01,9.999999999898023795e-01,8.472270104506861993e-04,1.000000010835451203e+00
1.910156250000000000e+00,9.999999901471666730e-01,9.999999999910544890e-01,8.472270124961415842e-04,1.000000009852833438e+00
1.914062500000000000e+00,9.999999910429949734e-01,9.999999999921558302e-01,8.472270143661862849e-04,1.000000008957005138e+00
1.917968750000000000e+00,9.999999918594836279e-01,9.999999999931240557e-01,8.472270160754013027e-04,1.000000008140516483e+00
1.921875000000000000e+00,9.999999926034610631e-01,9.999999999939749307e-01,8.472270176371907375e-04,1.000000007396538937e+00
1.925781250000000000e+00,9.999999932811862724e-01,9.999999999947224438e-01,8.472270190638817510e-04,1.000000006718813728e+00
1.929687500000000000e+00,9.999999938983952230e-01,9.999999999953788077e-01,8.472270203668066414e-04,1.000000006101604777e+00
1.933593750000000000e+00,9.999999944603419344e-01,9.999999999959551245e-01,8.472270215563774357e-04,1.000000005539658066e+00
1.937500000000000000e+00,9.999999949718376691e-01,9.999999999964608310e-01,8.472270226421610255e-04,1.000000005028162331e+00
1.941406250000000000e+00,9.999999954372889022e-01,9.999999999969043651e-01,8.472270236329434599e-04,1.000000004562711098e+00
1.945312500000000000e+00,9.999999958607270756e-01,9.999999999972933873e-01,8.472270245367892515e-04,1.000000004139272924e+00
1.949218750000000000e+00,9.999999962458425706e-01,9.999999999976343368e-01,8.472270253611044770e-04,1.000000003754157429e+00
1.953125000000000000e+00,9.999999965960100212e-01,9.999999999979329868e-01,8.472270261126796029e-04,1.000000003403989979e+00
1.957031250000000000e+00,9.999999969143165135e-01,9.999999999981947774e-01,8.472270267977495507e-04,1.000000003085683487e+00
1.960937500000000000e+00,9.999999972035835683e-01,9.999999999984239274e-01,8.472270274220267648e-04,1.000000002796416432e+00
1.964843750000000000e+00,9.999999974663911217e-01,9.999999999986244337e-01,8.472270279907527122e-04,1.000000002533608878e+00
1.968750000000000000e+00,9.999999977050952893e-01,9.999999999987997379e-01,8.472270285087288907e-04,1.000000002294904711e+00
1.972656250000000000e+00,9.999999979218496815e-01,9.999999999989533928e-01,8.472270289803559683e-04,1.000000002078150318e+00
1.976562500000000000e+00,9.999999981186202813e-01,9.999999999990875077e-01,8.472270294096642500e-04,1.000000001881379719e+00
1.980468750000000000e+00,9.999999982972009871e-01,9.999999999992047472e-01,8.472270298003421914e-04,1.000000001702799013e+00
1.984375000000000000e+00,9.999999984592315982e-01,9.999999999993072208e-01,8.472270301557722864e-04,1.000000001540768402e+00
1.988281250000000000e+00,9.999999986062053647e-01,9.999999999993965938e-01,8.472270304790455956e-04,1.000000001393794635e+00
1.992187500000000000e+00,9.999999987394871948e-01,9.999999999994747535e-01,8.472270307729912360e-04,1.000000001260512805e+00
1.996093750000000000e+00,9.999999988603200940e-01,9.999999999995430322e-01,8.472270310401981740e-04,1.000000001139679906e+00
2.000000000000000000e+00,9.999999989698373781e-01,9.999999999996022071e-01,8.472270312666774911e-04,1.000000001030162622e+00
2.003906250000000000e+00,9.999999990690722207e-01,9.999999999996542766e-01,8.471883495266026689e-04,1.000000000930927779e+00
2.007812500000000000e+00,9.999999991589669790e-01,9.999999999996993516e-01,8.470727077768663415e-04,1.000000000841033021e+00
2.011718750000000000e+00,9.999999992403780791e-01,9.999999999997388755e-01,8.468807120284064464e-04,1.000000000759621921e+00
2.015625000000000000e+00,9.999999993140871180e-01,9.999999999997730704e-01,8.466129682644495807e-04,1.000000000685912882e+00
2.019531250000000000e+00,9.999999993808044163e-01,9.999999999998029354e-01,8.462700824699860135e-04,1.000000000619195584e+00
2.023437500000000000e+00,9.999999994411783444e-01,9.999999999998289146e-01,8.458526606302059405e-04,1.000000000558821656e+00
2.027343750000000000e+00,9.999999994957959881e-01,9.999999999998516742e-01,8.453613087302726693e-04,1.000000000504204012e+00
2.031250000000000000e+00,9.999999995451940293e-01,9.999999999998712141e-01,8.447966327552792511e-04,1.000000000454805971e+00
2.035156250000000000e+00,9.999999995898589678e-01,9.999999999998883116e-01,8.441592386902347115e-04,1.000000000410141032e+00
2.039062500000000000e+00,9.999999996302337824e-01,9.999999999999031886e-01,8.434497325200703390e-04,1.000000000369766218e+00
2.042968750000000000e+00,9.999999996667208180e-01,9.999999999999161782e-01,8.426687202296397929e-04,1.000000000333279182e+00
2.046875000000000000e+00,9.999999996996853380e-01,9.999999999999273914e-01,8.418168078037206216e-04,1.000000000300314662e+00
2.050781250000000000e+00,9.999999997294599652e-01,9.999999999999370504e-01,8.408946012270245626e-04,1.000000000270540035e+00
2.054687500000000000e+00,9.999999997563460141e-01,9.999999999999455991e-01,8.399027064842062157e-04,1.000000000243653986e+00
2.058593750000000000e+00,9.999999997806168217e-01,9.999999999999529265e-01,8.388417295598529604e-04,1.000000000219383178e+00
2.062500000000000000e+00,9.999999998025217440e-01,9.999999999999591438e-01,8.377122764385107594e-04,1.000000000197478256e+00
2.066406250000000000e+00,9.999999998222857123e-01,9.999999999999649170e-01,8.365149531046690888e-04,1.000000000177714288e+00
2.070312500000000000e+00,9.999999998401132295e-01,9.999999999999695799e-01,8.352503655427787185e-04,1.000000000159886770e+00
2.074218750000000000e+00,9.999999998561899250e-01,9.999999999999737987e-01,8.339191197372461829e-04,1.000000000143810075e+00
2.078125000000000000e+00,9.999999998706836646e-01,9.999999999999772404e-01,8.325218216724437556e-04,1.000000000129316335e+00
2.082031250000000000e+00,9.999999998837469928e-01,9.999999999999803491e-01,8.310590773327096665e-04,1.000000000116253007e+00
2.085937500000000000e+00,9.999999998955175773e-01,9.999999999999830136e-01,8.295314927023492938e-04,1.000000000104482423e+00
2.089843750000000000e+00,9.999999999061210953e-01,9.999999999999854561e-01,8.279396737656429710e-04,1.000000000093878905e+00
2.093750000000000000e+00,9.999999999156707897e-01,9.999999999999873435e-01,8.262842265068414327e-04,1.000000000084329210e+00
2.097656250000000000e+00,9.999999999242683568e-01,9.999999999999892308e-01,8.245657569101755725e-04,1.000000000075731643e+00
2.101562500000000000e+00,9.999999999320072774e-01,9.999999999999907851e-01,8.227848709598540580e-04,1.000000000067992723e+00
2.105468750000000000e+00,9.999999999389712624e-01,9.999999999999918954e-01,8.209421746400628970e-04,1.000000000061028738e+00
2.109375000000000000e+00,9.999999999452360289e-01,9.999999999999930056e-01,8.190382739349742194e-04,1.000000000054763971e+00
2.113281250000000000e+00,9.999999999508708548e-01,9.999999999999941158e-01,8.170737748287436753e-04,1.000000000049129145e+00
2.117187500000000000e+00,9.999999999559370245e-01,9.999999999999948930e-01,8.150492833055096760e-04,1.000000000044062975e+00
2.121093750000000000e+00,9.999999999604913814e-01,9.999999999999956701e-01,8.129654053493979475e-04,1.000000000039508619e+00
2.125000000000000000e+00,9.999999999645841076e-01,9.999999999999962252e-01,8.108227469445243498e-04,1.000000000035415892e+00
2.128906250000000000e+00,9.999999999682613883e-01,9.999999999999967804e-01,8.086219140749898891e-04,1.000000000031738612e+00
2.132812500000000000e+00,9.999999999715636356e-01,9.999999999999972244e-01,8.063635127248878738e-04,1.000000000028436364e+00
2.136718750000000000e+00,9.999999999745294854e-01,9.999999999999975575e-01,8.040481488783052157e-04,1.000000000025470515e+00
2.140625000000000000e+00,9.999999999771915782e-01,9.999999999999978906e-01,8.016764285193125634e-04,1.000000000022808422e+00
2.144531250000000000e+00,9.999999999795810002e-01,9.999999999999983347e-01,7.992489576319812159e-04,1.000000000020419000e+00
2.148437500000000000e+00,9.999999999817248408e-01,9.999999999999984457e-01,7.967663422003710885e-04,1.000000000018275159e+00
2.152343750000000000e+00,9.999999999836479692e-01,9.999999999999986677e-01,7.942291882085376507e-04,1.000000000016352031e+00
2.156250000000000000e+00,9.999999999853723676e-01,9.999999999999988898e-01,7.916381016405292168e-04,1.000000000014627632e+00
2.160156250000000000e+00,9.999999999869184641e-01,9.999999999999990008e-01,7.889936884803882460e-04,1.000000000013081536e+00
2.164062500000000000e+00,9.999999999883040225e-01,9.999999999999993339e-01,7.862965547121575230e-04,1.000000000011695978e+00
2.167968750000000000e+00,9.999999999895456959e-01,9.999999999999992228e-01,7.835473063198705084e-04,1.000000000010454304e+00
2.171875000000000000e+00,9.999999999906579173e-01,9.999999999999993339e-01,7.807465492875579520e-04,1.000000000009342083e+00
2.175781250000000000e+00,9.999999999916537874e-01,9.999999999999994449e-01,7.778948895992502787e-04,1.000000000008346213e+00
2.179687500000000000e+00,9.999999999925457406e-01,9.999999999999995559e-01,7.749929332389723837e-04,1.000000000007454259e+00
2.183593750000000000e+00,9.999999999933442130e-01,9.999999999999995559e-01,7.720412861907417898e-04,1.000000000006655787e+00
2.187500000000000000e+00,9.999999999940585305e-01,9.999999999999996669e-01,7.690405544385849100e-04,1.000000000005941470e+00
2.191406250000000000e+00,9.999999999946973528e-01,9.999999999999996669e-01,7.659913439665139547e-04,1.000000000005302647e+00
2.195312500000000000e+00,9.999999999952688956e-01,9.999999999999997780e-01,7.628942607585425433e-04,1.000000000004731104e+00
2.199218750000000000e+00,9.999999999957802643e-01,9.999999999999997780e-01,7.597499107986902585e-04,1.000000000004219736e+00
2.203125000000000000e+00,9.999999999962370101e-01,9.999999999999997780e-01,7.565589000709679011e-04,1.000000000003762990e+00
2.207031250000000000e+00,9.999999999966451281e-01,9.999999999999998890e-01,7.533218345593854044e-04,1.000000000003354872e+00
2.210937500000000000e+00,9.999999999970099474e-01,9.999999999999998890e-01,7.500393202479404501e-04,1.000000000002990053e+00
2.214843750000000000e+00,9.999999999973356868e-01,9.999999999999998890e-01,7.467119631206506694e-04,1.000000000002664313e+00
2.218750000000000000e+00,9.999999999976265652e-01,9.999999999999998890e-01,7.433403691615229599e-04,1.000000000002373435e+00
2.222656250000000000e+00,9.999999999978863574e-01,9.999999999999998890e-01,7.399251443545630264e-04,1.000000000002113643e+00
2.226562500000000000e+00,9.999999999981179499e-01,9.999999999999998890e-01,7.364668946837746224e-04,1.000000000001882050e+00
2.230468750000000000e+00,9.999999999983248955e-01,9.999999999999998890e-01,7.329662261331620432e-04,1.000000000001675104e+00
2.234375000000000000e+00,9.999999999985094146e-01,1.000000000000000000e+00,7.294237446867277413e-04,1.000000000001490585e+00
2.238281250000000000e+00,9.999999999986737276e-01,1.000000000000000000e+00,7.258400563284728678e-04,1.000000000001326272e+00
2.242187500000000000e+00,9.999999999988207211e-01,1.000000000000000000e+00,7.222157670424010677e-04,1.000000000001179279e+00
2.246093750000000000e+00,9.999999999989510613e-01,1.000000000000000000e+00,7.185514828125056860e-04,1.000000000001048939e+00
2.250000000000000000e+00,9.999999999990676347e-01,1.000000000000000000e+00,7.148478096227887414e-04,1.000000000000932365e+00
2.253906250000000000e+00,9.999999999991711075e-01,1.000000000000000000e+00,7.111053534572559388e-04,1.000000000000828893e+00
2.257812500000000000e+00,9.999999999992641442e-01,1.000000000000000000e+00,7.073247202999179703e-04,1.000000000000735856e+00
2.261718750000000000e+00,9.999999999993460786e-01,1.000000000000000000e+00,7.035065161347765295e-04,1.000000000000653921e+00
2.265625000000000000e+00,9.999999999994193534e-01,1.000000000000000000e+00,6.996513469458312496e-04,1.000000000000580647e+00
2.269531250000000000e+00,9.999999999994844124e-01,1.000000000000000000e+00,6.957598187170792705e-04,1.000000000000515588e+00
2.273437500000000000e+00,9.999999999995423661e-01,1.000000000000000000e+00,6.918325374325192496e-04,1.000000000000457634e+00
2.277343750000000000e+00,9.999999999995938804e-01,1.000000000000000000e+00,6.878701090761483268e-04,1.000000000000406120e+00
2.281250000000000000e+00,9.999999999996398437e-01,1.000000000000000000e+00,6.838731396319648343e-04,1.000000000000360156e+00
2.285156250000000000e+00,9.999999999996804778e-01,1.000000000000000000e+00,6.798422350839655867e-04,1.000000000000319522e+00
2.289062500000000000e+00,9.999999999997168931e-01,1.000000000000000000e+00,6.757780014161483741e-04,1.000000000000283107e+00
2.292968750000000000e+00,9.999999999997488676e-01,1.000000000000000000e+00,6.716810446125104448e-04,1.000000000000251132e+00
2.296875000000000000e+00,9.999999999997775113e-01,1.000000000000000000e+00,6.675519706570488300e-04,1.000000000000222489e+00
2.300781250000000000e+00,9.999999999998028244e-01,1.000000000000000000e+00,6.633913855337653315e-04,1.000000000000197176e+00
2.304687500000000000e+00,9.999999999998252509e-01,1.000000000000000000e+00,6.591998952266575227e-04,1.000000000000174749e+00
2.308593750000000000e+00,9.999999999998454570e-01,1.000000000000000000e+00,6.549781057197170140e-04,1.000000000000154543e+00
2.312500000000000000e+00,9.999999999998632205e-01,1.000000000000000000e+00,6.507266229969406197e-04,1.000000000000136779e+00
2.316406250000000000e+00,9.999999999998787636e-01,1.000000000000000000e+00,6.464460530423253712e-04,1.000000000000121236e+00
2.320312500000000000e+00,9.999999999998929745e-01,1.000000000000000000e+00,6.421370018398681913e-04,1.000000000000107025e+00
2.324218750000000000e+00,9.999999999999054090e-01,1.000000000000000000e+00,6.378000753735652440e-04,1.000000000000094591e+00
2.328125000000000000e+00,9.999999999999162892e-01,1.000000000000000000e+00,6.334358796274139943e-04,1.000000000000083711e+00
2.332031250000000000e+00,9.999999999999258371e-01,1.000000000000000000e+00,6.290450205854108230e-04,1.000000000000074163e+00
2.335937500000000000e+00,9.999999999999344968e-01,1.000000000000000000e+00,6.246281042315523276e-04,1.000000000000065503e+00
2.339843750000000000e+00,9.999999999999422684e-01,1.000000000000000000e+00,6.201857365498356480e-04,1.000000000000057732e+00
2.343750000000000000e+00,9.999999999999489297e-01,1.000000000000000000e+00,6.157185235242569480e-04,1.000000000000051070e+00
2.347656250000000000e+00,9.999999999999549249e-01,1.000000000000000000e+00,6.112270711388128252e-04,1.000000000000045075e+00
2.351562500000000000e+00,9.999999999999600320e-01,1.000000000000000000e+00,6.067119853774997689e-04,1.000000000000039968e+00
2.355468750000000000e+00,9.999999999999649170e-01,1.000000000000000000e+00,6.021738722243156778e-04,1.000000000000035083e+00
2.359375000000000000e+00,9.999999999999689138e-01,1.000000000000000000e+00,5.976133376632555231e-04,1.000000000000031086e+00
2.363281250000000000e+00,9.999999999999726885e-01,1.000000000000000000e+00,5.930309876783166614e-04,1.000000000000027311e+00
2.367187500000000000e+00,9.999999999999760192e-01,1.000000000000000000e+00,5.884274282534960156e-04,1.000000000000023981e+00
2.371093750000000000e+00,9.999999999999786837e-01,1.000000000000000000e+00,5.838032653727885570e-04,1.000000000000021316e+00
2.375000000000000000e+00,9.999999999999813483e-01,1.000000000000000000e+00,5.791591050201933769e-04,1.000000000000018652e+00
2.378906250000000000e+00,9.999999999999835687e-01,1.000000000000000000e+00,5.744955531797045793e-04,1.000000000000016431e+00
2.382812500000000000e+00,9.999999999999853451e-01,1.000000000000000000e+00,5.698132158353200628e-04,1.000000000000014655e+00
2.386718750000000000e+00,9.999999999999873435e-01,1.000000000000000000e+00,5.651126989710367502e-04,1.000000000000012657e+00
2.390625000000000000e+00,9.999999999999888978e-01,1.000000000000000000e+00,5.603946085708498299e-04,1.000000000000011102e+00
2.394531250000000000e+00,9.999999999999900080e-01,1.000000000000000000e+00,5.556595506187570919e-04,1.000000000000009992e+00
2.398437500000000000e+00,9.999999999999913403e-01,1.000000000000000000e+00,5.509081310987543750e-04,1.000000000000008660e+00
2.402343750000000000e+00,9.999999999999922284e-01,1.000000000000000000e+00,5.461409559948384937e-04,1.000000000000007772e+00
2.406250000000000000e+00,9.999999999999931166e-01,1.000000000000000000e+00,5.413586312910061539e-04,1.000000000000006883e+00
2.410156250000000000e+00,9.999999999999940048e-01,1.000000000000000000e+00,5.365617629712535197e-04,1.000000000000005995e+00
2.414062500000000000e+00,9.999999999999946709e-01,1.000000000000000000e+00,5.317509570195772970e-04,1.000000000000005329e+00
2.417968750000000000e+00,9.999999999999953371e-01,1.000000000000000000e+00,5.269268194199746257e-04,1.000000000000004663e+00
2.421875000000000000e+00,9.999999999999957812e-01,1.000000000000000000e+00,5.220899561564409106e-04,1.000000000000004219e+00
2.425781250000000000e+00,9.999999999999964473e-01,1.000000000000000000e+00,5.172409732129737252e-04,1.000000000000003553e+00
2.429687500000000000e+00,9.999999999999968914e-01,1.000000000000000000e+00,5.123804765735690166e-04,1.000000000000003109e+00
2.433593750000000000e+00,9.999999999999973355e-01,1.000000000000000000e+00,5.075090722222232740e-04,1.000000000000002665e+00
2.437500000000000000e+00,9.999999999999977796e-01,1.000000000000000000e+00,5.026273661429335286e-04,1.000000000000002220e+00
2.441406250000000000e+00,9.999999999999977796e-01,1.000000000000000000e+00,4.977359643196954024e-04,1.000000000000002220e+00
2.445312500000000000e+00,9.999999999999982236e-01,1.000000000000000000e+00,4.928354727365064688e-04,1.000000000000001776e+00
2.449218750000000000e+00,9.999999999999984457e-01,1.000000000000000000e+00,4.879264973773625121e-04,1.000000000000001554e+00
2.453125000000000000e+00,9.999999999999984457e-01,1.000000000000000000e+00,4.830096442262601301e-04,1.000000000000001554e+00
2.457031250000000000e+00,9.999999999999986677e-01,1.000000000000000000e+00,4.780855192671966793e-04,1.000000000000001332e+00
2.460937500000000000e+00,9.999999999999988898e-01,1.000000000000000000e+00,4.731547284841677815e-04,1.000000000000001110e+00
2.464843750000000000e+00,9.999999999999991118e-01,1.000000000000000000e+00,4.682178778611699259e-04,1.000000000000000888e+00
2.468750000000000000e+00,9.999999999999991118e-01,1.000000000000000000e+00,4.632755733822001439e-04,1.000000000000000888e+00
2.472656250000000000e+00,9.999999999999993339e-01,1.000000000000000000e+00,4.583284210312547620e-04,1.000000000000000666e+00
2.476562500000000000e+00,9.999999999999993339e-01,1.000000000000000000e+00,4.533770267923297815e-04,1.000000000000000666e+00
2.480468750000000000e+00,9.999999999999993339e-01,1.000000000000000000e+00,4.484219966494223963e-04,1.000000000000000666e+00
2.484375000000000000e+00,9.999999999999995559e-01,1.000000000000000000e+00,4.434639365865289872e-04,1.000000000000000444e+00
2.488281250000000000e+00,9.999999999999995559e-01,1.000000000000000000e+00,4.385034525876452846e-04,1.000000000000000444e+00
2.492187500000000000e+00,9.999999999999995559e-01,1.000000000000000000e+00,4.335411506367686449e-04,1.000000000000000444e+00
2.496093750000000000e+00,9.999999999999995559e-01,1.000000000000000000e+00,4.285776367178949068e-04,1.000000000000000444e+00
2.500000000000000000e+00,9.999999999999997780e-01,1.000000000000000000e+00,4.236135168150210475e-04,1.000000000000000222e+00
2.503906250000000000e+00,9.999999999999997780e-01,1.000000000000000000e+00,4.186493969121449113e-04,1.000000000000000222e+00
2.507812500000000000e+00,9.999999999999997780e-01,1.000000000000000000e+00,4.136858829932683001e-04,1.000000000000000222e+00
2.511718750000000000e+00,9.999999999999997780e-01,1.000000000000000000e+00,4.087235810423881909e-04,1.000000000000000222e+00
2.515625000000000000e+00,9.999999999999997780e-01,1.000000000000000000e+00,4.037630970435012357e-04,1.000000000000000222e+00
2.519531250000000000e+00,9.999999999999997780e-01,1.000000000000000000e+00,3.988050369806039777e-04,1.000000000000000222e+00
2.523437500000000000e+00,9.999999999999997780e-01,1.000000000000000000e+00,3.938500068376925268e-04,1.000000000000000222e+00
2.527343750000000000e+00,1.000000000000000000e+00,1.000000000000000000e+00,3.888986125987618000e-04,1.000000000000000000e+00
2.531250000000000000e+00,1.000000000000000000e+00,1.000000000000000000e+00,3.839514602478007513e-04,1.000000000000000000e+00
2.535156250000000000e+00,1.000000000000000000e+00,1.000000000000000000e+00,3.790091557688158447e-04,1.000000000000000000e+00
2.539062500000000000e+00,1.000000000000000000e+00,1.000000000000000000e+00,3.740723051458031898e-04,1.000000000000000000e+00
2.542968750000000000e+00,1.000000000000000000e+00,1.000000000000000000e+00,3.691415143627587337e-04,1.000000000000000000e+00
2.546875000000000000e+00,1.000000000000000000e+00,1.000000000000000000e+00,3.642173894036799956e-04,1.000000000000000000e+00
2.550781250000000000e+00,1.000000000000000000e+00,1.000000000000000000e+00,3.593005362525630310e-04,1.000000000000000000e+00
2.554687500000000000e+00,1.000000000000000000e+00,1.000000000000000000e+00,3.543915608934038956e-04,1.000000000000000000e+00
2.558593750000000000e+00,1.000000000000000000e+00,1.000000000000000000e+00,3.494910693101997831e-04,1.000000000000000000e+00
2.562500000000000000e+00,1.000000000000000000e+00,1.000000000000000000e+00,3.445996674869470202e-04,1.000000000000000000e+00
2.566406250000000000e+00,1.000000000000000000e+00,1.000000000000000000e+00,3.397179614076415539e-04,1.000000000000000000e+00
2.570312500000000000e+00,1.000000000000000000e+00,1.000000000000000000e+00,3.348465570562807951e-04,1.000000000000000000e+00
2.574218750000000000e+00,1.000000000000000000e+00,1.000000000000000000e+00,3.299860604168609619e-04,1.000000000000000000e+00
2.578125000000000000e+00,1.000000000000000000e+00,1.000000000000000000e+00,3.251370774733780555e-04,1.000000000000000000e+00
2.582031250000000000e+00,1.000000000000000000e+00,1.000000000000000000e+00,3.203002142098292158e-04,1.000000000000000000e+00
2.585937500000000000e+00,1.000000000000000000e+00,1.000000000000000000e+00,3.154760766102108777e-04,1.000000000000000000e+00
2.589843750000000000e+00,1.000000000000000000e+00,1.000000000000000000e+00,3.106652706585194220e-04,1.000000000000000000e+00
2.593750000000000000e+00,1.000000000000000000e+00,1.000000000000000000e+00,3.058684023387509584e-04,1.000000000000000000e+00
2.597656250000000000e+00,1.000000000000000000e+00,1.000000000000000000e+00,3.010860776349028978e-04,1.000000000000000000e+00
2.601562500000000000e+00,1.000000000000000000e+00,1.000000000000000000e+00,2.963189025309712955e-04,1.000000000000000000e+00
2.605468750000000000e+00,1.000000000000000000e+00,1.000000000000000000e+00,2.915674830109520987e-04,1.000000000000000000e+00
2.609375000000000000e+00,1.000000000000000000e+00,1.000000000000000000e+00,2.868324250588429893e-04,1.000000000000000000e+00
2.613281250000000000e+00,1.000000000000000000e+00,1.000000000000000000e+00,2.821143346586396433e-04,1.000000000000000000e+00
2.617187500000000000e+00,1.000000000000000000e+00,1.000000000000000000e+00,2.774138177943385498e-04,1.000000000000000000e+00
2.621093750000000000e+00,1.000000000000000000e+00,1.000000000000000000e+00,0.000000000000000000e+00,1.000000000000000000e+00
2.625000000000000000e+00,1.000000000000000000e+00,1.000000000000000000e+00,0.000000000000000000e+00,1.000000000000000000e+00
2.628906250000000000e+00,1.000000000000000000e+00,1.000000000000000000e+00,0.000000000000000000e+00,1.000000000000000000e+00
2.632812500000000000e+00,1.000000000000000000e+00,1.000000000000000000e+00,0.000000000000000000e+00,1.000000000000000000e+00
2.636718750000000000e+00,1.000000000000000000e+00,1.000000000000000000e+00,0.000000000000000000e+00,1.000000000000000000e+00
2.640625000000000000e+00,1.000000000000000000e+00,1.000000000000000000e+00,0.000000000000000000e+00,1.000000000000000000e+00
2.644531250000000000e+00,1.000000000000000000e+00,1.000000000000000000e+00,0.000000000000000000e+00,1.000000000000000000e+00
2.648437500000000000e+00,1.000000000000000000e+00,1.000000000000000000e+00,0.000000000000000000e+00,1.000000000000000000e+00
2.652343750000000000e+00,1.000000000000000000e+00,1.000000000000000000e+00,0.000000000000000000e+00,1.000000000000000000e+00
2.656250000000000000e+00,1.000000000000000000e+00,1.000000000000000000e+00,0.000000000000000000e+00,1.000000000000000000e+00
2.660156250000000000e+00,1.000000000000000000e+00,1.000000000000000000e+00,0.000000000000000000e+00,1.000000000000000000e+00
2.664062500000000000e+00,1.000000000000000000e+00,1.000000000000000000e+00,0.000000000000000000e+00,1.000000000000000000e+00
2.667968750000000000e+00,1.000000000000000000e+00,1.000000000000000000e+00,0.000000000000000000e+00,1.000000000000000000e+00
2.671875000000000000e+00,1.000000000000000000e+00,1.000000000000000000e+00,0.000000000000000000e+00,1.000000000000000000e+00
2.675781250000000000e+00,1.000000000000000000e+00,1.000000000000000000e+00,0.000000000000000000e+00,1.000000000000000000e+00
2.679687500000000000e+00,1.000000000000000000e+00,1.000000000000000000e+00,0.000000000000000000e+00,1.000000000000000000e+00
2.683593750000000000e+00,1.000000000000000000e+00,1.000000000000000000e+00,0.000000000000000000e+00,1.000000000000000000e+00
2.687500000000000000e+00,1.000000000000000000e+00,1.000000000000000000e+00,0.000000000000000000e+00,1.000000000000000000e+00
2.691406250000000000e+00,1.000000000000000000e+00,1.000000000000000000e+00,0.000000000000000000e+00,1.000000000000000000e+00
2.695312500000000000e+00,1.000000000000000000e+00,1.000000000000000000e+00,0.000000000000000000e+00,1.000000000000000000e+00
2.699218750000000000e+00,1.000000000000000000e+00,1.000000000000000000e+00,0.000000000000000000e+00,1.000000000000000000e+00
2.703125000000000000e+00,1.000000000000000000e+00,1.000000000000000000e+00,0.000000000000000000e+00,1.000000000000000000e+00
2.707031250000000000e+00,1.000000000000000000e+00,1.000000000000000000e+00,0.000000000000000000e+00,1.000000000000000000e+00
2.710937500000000000e+00,1.000000000000000000e+00,1.000000000000000000e+00,0.000000000000000000e+00,1.000000000000000000e+00
2.714843750000000000e+00,1.000000000000000000e+00,1.000000000000000000e+00,0.000000000000000000e+00,1.000000000000000000e+00
2.718750000000000000e+00,1.000000000000000000e+00,1.000000000000000000e+00,0.000000000000000000e+00,1.000000000000000000e+00
2.722656250000000000e+00,1.000000000000000000e+00,1.000000000000000000e+00,0.000000000000000000e+00,1.000000000000000000e+00
2.726562500000000000e+00,1.000000000000000000e+00,1.000000000000000000e+00,0.000000000000000000e+00,1.000000000000000000e+00
2.730468750000000000e+00,1.000000000000000000e+00,1.000000000000000000e+00,0.000000000000000000e+00,1.000000000000000000e+00
2.734375000000000000e+00,1.000000000000000000e+00,1.000000000000000000e+00,0.000000000000000000e+00,1.000000000000000000e+00
2.738281250000000000e+00,1.000000000000000000e+00,1.000000000000000000e+00,0.000000000000000000e+00,1.000000000000000000e+00
2.742187500000000000e+00,1.000000000000000000e+00,1.000000000000000000e+00,0.000000000000000000e+00,1.000000000000000000e+00
2.746093750000000000e+00,1.000000000000000000e+00,1.000000000000000000e+00,0.000000000000000000e+00,1.000000000000000000e+00
2.750000000000000000e+00,1.000000000000000000e+00,1.000000000000000000e+00,0.000000000000000000e+00,1.000000000000000000e+00
2.753906250000000000e+00,1.000000000000000000e+00,1.000000000000000000e+00,0.000000000000000000e+00,1.000000000000000000e+00
2.757812500000000000e+00,1.000000000000000000e+00,1.000000000000000000e+00,0.000000000000000000e+00,1.000000000000000000e+00
2.761718750000000000e+00,1.000000000000000000e+00,1.000000000000000000e+00,0.000000000000000000e+00,1.000000000000000000e+00
2.765625000000000000e+00,1.000000000000000000e+00,1.000000000000000000e+00,0.000000000000000000e+00,1.000000000000000000e+00
2.769531250000000000e+00,1.000000000000000000e+00,1.000000000000000000e+00,0.000000000000000000e+00,1.000000000000000000e+00
2.773437500000000000e+00,1.000000000000000000e+00,1.000000000000000000e+00,0.000000000000000000e+00,1.000000000000000000e+00
2.777343750000000000e+00,1.000000000000000000e+00,1.000000000000000000e+00,0.000000000000000000e+00,1.000000000000000000e+00
2.781250000000000000e+00,1.000000000000000000e+00,1.000000000000000000e+00,0.000000000000000000e+00,1.000000000000000000e+00
2.785156250000000000e+00,1.000000000000000000e+00,1.000000000000000000e+00,0.000000000000000000e+00,1.000000000000000000e+00
2.789062500000000000e+00,1.000000000000000000e+00,1.000000000000000000e+00,0.000000000000000000e+00,1.000000000000000000e+00
2.792968750000000000e+00,1.000000000000000000e+00,1.000000000000000000e+00,0.000000000000000000e+00,1.000000000000000000e+00
2.796875000000000000e+00,1.000000000000000000e+00,1.000000000000000000e+00,0.000000000000000000e+00,1.000000000000000000e+00
2.800781250000000000e+00,1.000000000000000000e+00,1.000000000000000000e+00,0.000000000000000000e+00,1.000000000000000000e+00
2.804687500000000000e+00,1.000000000000000000e+00,1.000000000000000000e+00,0.000000000000000000e+00,1.000000000000000000e+00
2.808593750000000000e+00,1.000000000000000000e+00,1.000000000000000000e+00,0.000000000000000000e+00,1.000000000000000000e+00
2.812500000000000000e+00,1.000000000000000000e+00,1.000000000000000000e+00,0.000000000000000000e+00,1.000000000000000000e+00
2.816406250000000000e+00,1.000000000000000000e+00,1.000000000000000000e+00,0.000000000000000000e+00,1.000000000000000000e+00
2.820312500000000000e+00,1.000000000000000000e+00,1.000000000000000000e+00,0.000000000000000000e+00,1.000000000000000000e+00
2.824218750000000000e+00,1.000000000000000000e+00,1.000000000000000000e+00,0.000000000000000000e+00,1.000000000000000000e+00
2.828125000000000000e+00,1.000000000000000000e+00,1.000000000000000000e+00,0.000000000000000000e+00,1.000000000000000000e+00
2.832031250000000000e+00,1.000000000000000000e+00,1.000000000000000000e+00,0.000000000000000000e+00,1.000000000000000000e+00
2.835937500000000000e+00,1.000000000000000000e+00,1.000000000000000000e+00,0.000000000000000000e+00,1.000000000000000000e+00
2.839843750000000000e+00,1.000000000000000000e+00,1.000000000000000000e+00,0.000000000000000000e+00,1.000000000000000000e+00
2.843750000000000000e+00,1.000000000000000000e+00,1.000000000000000000e+00,0.000000000000000000e+00,1.000000000000000000e+00
2.847656250000000000e+00,1.000000000000000000e+00,1.000000000000000000e+00,0.000000000000000000e+00,1.000000000000000000e+00
2.851562500000000000e+00,1.000000000000000000e+00,1.000000000000000000e+00,0.000000000000000000e+00,1.000000000000000000e+00
2.855468750000000000e+00,1.000000000000000000e+00,1.000000000000000000e+00,0.000000000000000000e+00,1.000000000000000000e+00
2.859375000000000000e+00,1.000000000000000000e+00,1.000000000000000000e+00,0.000000000000000000e+00,1.000000000000000000e+00
2.863281250000000000e+00,1.000000000000000000e+00,1.000000000000000000e+00,0.000000000000000000e+00,1.000000000000000000e+00
2.867187500000000000e+00,1.000000000000000000e+00,1.000000000000000000e+00,0.000000000000000000e+00,1.000000000000000000e+00
2.871093750000000000e+00,1.000000000000000000e+00,1.000000000000000000e+00,0.000000000000000000e+00,1.000000000000000000e+00
2.875000000000000000e+00,1.000000000000000000e+00,1.000000000000000000e+00,0.000000000000000000e+00,1.000000000000000000e+00
2.878906250000000000e+00,1.000000000000000000e+00,1.000000000000000000e+00,0.000000000000000000e+00,1.000000000000000000e+00
2.882812500000000000e+00,1.000000000000000000e+00,1.000000000000000000e+00,0.000000000000000000e+00,1.000000000000000000e+00
2.886718750000000000e+00,1.000000000000000000e+00,1.000000000000000000e+00,0.000000000000000000e+00,1.000000000000000000e+00
2.890625000000000000e+00,1.000000000000000000e+00,1.000000000000000000e+00,0.000000000000000000e+00,1.000000000000000000e+00
2.894531250000000000e+00,1.000000000000000000e+00,1.000000000000000000e+00,0.000000000000000000e+00,1.000000000000000000e+00
2.898437500000000000e+00,1.000000000000000000e+00,1.000000000000000000e+00,0.000000000000000000e+00,1.000000000000000000e+00
2.902343750000000000e+00,1.000000000000000000e+00,1.000000000000000000e+00,0.000000000000000000e+00,1.000000000000000000e+00
2.906250000000000000e+00,1.000000000000000000e+00,1.000000000000000000e+00,0.000000000000000000e+00,1.000000000000000000e+00
2.910156250000000000e+00,1.000000000000000000e+00,1.000000000000000000e+00,0.000000000000000000e+00,1.000000000000000000e+00
2.914062500000000000e+00,1.000000000000000000e+00,1.000000000000000000e+00,0.000000000000000000e+00,1.000000000000000000e+00
2.917968750000000000e+00,1.000000000000000000e+00,1.000000000000000000e+00,0.000000000000000000e+00,1.000000000000000000e+00
2.921875000000000000e+00,1.000000000000000000e+00,1.000000000000000000e+00,0.000000000000000000e+00,1.000000000000000000e+00
2.925781250000000000e+00,1.000000000000000000e+00,1.000000000000000000e+00,0.000000000000000000e+00,1.000000000000000000e+00
2.929687500000000000e+00,1.000000000000000000e+00,1.000000000000000000e+00,0.000000000000000000e+00,1.000000000000000000e+00
2.933593750000000000e+00,1.000000000000000000e+00,1.000000000000000000e+00,0.000000000000000000e+00,1.000000000000000000e+00
2.937500000000000000e+00,1.000000000000000000e+00,1.000000000000000000e+00,0.000000000000000000e+00,1.000000000000000000e+00
2.941406250000000000e+00,1.000000000000000000e+00,1.000000000000000000e+00,0.000000000000000000e+00,1.000000000000000000e+00
2.945312500000000000e+00,1.000000000000000000e+00,1.000000000000000000e+00,0.000000000000000000e+00,1.000000000000000000e+00
2.949218750000000000e+00,1.000000000000000000e+00,1.000000000000000000e+00,0.000000000000000000e+00,1.000000000000000000e+00
2.953125000000000000e+00,1.000000000000000000e+00,1.000000000000000000e+00,0.000000000000000000e+00,1.000000000000000000e+00
2.957031250000000000e+00,1.000000000000000000e+00,1.000000000000000000e+00,0.000000000000000000e+00,1.000000000000000000e+00
2.960937500000000000e+00,1.000000000000000000e+00,1.000000000000000000e+00,0.000000000000000000e+00,1.000000000000000000e+00
2.964843750000000000e+00,1.000000000000000000e+00,1.000000000000000000e+00,0.000000000000000000e+00,1.000000000000000000e+00
2.968750000000000000e+00,1.000000000000000000e+00,1.000000000000000000e+00,0.000000000000000000e+00,1.000000000000000000e+00
2.972656250000000000e+00,1.000000000000000000e+00,1.000000000000000000e+00,0.000000000000000000e+00,1.000000000000000000e+00
2.976562500000000000e+00,1.000000000000000000e+00,1.000000000000000000e+00,0.000000000000000000e+00,1.000000000000000000e+00
2.980468750000000000e+00,1.000000000000000000e+00,1.000000000000000000e+00,0.000000000000000000e+00,1.000000000000000000e+00
2.984375000000000000e+00,1.000000000000000000e+00,1.000000000000000000e+00,0.000000000000000000e+00,1.000000000000000000e+00
2.988281250000000000e+00,1.000000000000000000e+00,1.000000000000000000e+00,0.000000000000000000e+00,1.000000000000000000e+00
2.992187500000000000e+00,1.000000000000000000e+00,1.000000000000000000e+00,0.000000000000000000e+00,1.000000000000000000e+00
2.996093750000000000e+00,1.000000000000000000e+00,1.000000000000000000e+00,0.000000000000000000e+00,1.000000000000000000e+00
3.000000000000000000e+00,1.000000000000000000e+00,1.000000000000000000e+00,0.000000000000000000e+00,1.000000000000000000e+00
3.003906250000000000e+00,1.000000000000000000e+00,1.000000000000000000e+00,0.000000000000000000e+00,1.000000000000000000e+00
3.007812500000000000e+00,1.000000000000000000e+00,1.000000000000000000e+00,0.000000000000000000e+00,1.000000000000000000e+00
3.011718750000000000e+00,1.000000000000000000e+00,1.000000000000000000e+00,0.000000000000000000e+00,1.000000000000000000e+00
3.015625000000000000e+00,1.000000000000000000e+00,1.000000000000000000e+00,0.000000000000000000e+00,1.000000000000000000e+00
3.019531250000000000e+00,1.000000000000000000e+00,1.000000000000000000e+00,0.000000000000000000e+00,1.000000000000000000e+00
3.023437500000000000e+00,1.000000000000000000e+00,1.000000000000000000e+00,0.000000000000000000e+00,1.000000000000000000e+00
3.027343750000000000e+00,1.000000000000000000e+00,1.000000000000000000e+00,0.000000000000000000e+00,1.000000000000000000e+00
3.031250000000000000e+00,1.000000000000000000e+00,1.000000000000000000e+00,0.000000000000000000e+00,1.000000000000000000e+00
3.035156250000000000e+00,1.000000000000000000e+00,1.000000000000000000e+00,0.000000000000000000e+00,1.000000000000000000e+00
3.039062500000000000e+00,1.000000000000000000e+00,1.000000000000000000e+00,0.000000000000000000e+00,1.000000000000000000e+00
3.042968750000000000e+00,1.000000000000000000e+00,1.000000000000000000e+00,0.000000000000000000e+00,1.000000000000000000e+00
3.046875000000000000e+00,1.000000000000000000e+00,1.000000000000000000e+00,0.000000000000000000e+00,1.000000000000000000e+00
3.050781250000000000e+00,1.000000000000000000e+00,1.000000000000000000e+00,0.000000000000000000e+00,1.000000000000000000e+00
3.054687500000000000e+00,1.000000000000000000e+00,1.000000000000000000e+00,0.000000000000000000e+00,1.000000000000000000e+00
3.058593750000000000e+00,1.000000000000000000e+00,1.000000000000000000e+00,0.000000000000000000e+00,1.000000000000000000e+00
3.062500000000000000e+00,1.000000000000000000e+00,1.000000000000000000e+00,0.000000000000000000e+00,1.000000000000000000e+00
3.066406250000000000e+00,1.000000000000000000e+00,1.000000000000000000e+00,0.000000000000000000e+00,1.000000000000000000e+00
3.070312500000000000e+00,1.000000000000000000e+00,1.000000000000000000e+00,0.000000000000000000e+00,1.000000000000000000e+00
3.074218750000000000e+00,1.000000000000000000e+00,1.000000000000000000e+00,0.000000000000000000e+00,1.000000000000000000e+00
3.078125000000000000e+00,1.000000000000000000e+00,1.000000000000000000e+00,0.000000000000000000e+00,1.000000000000000000e+00
3.082031250000000000e+00,1.000000000000000000e+00,1.000000000000000000e+00,0.000000000000000000e+00,1.000000000000000000e+00
3.085937500000000000e+00,1.000000000000000000e+00,1.000000000000000000e+00,0.000000000000000000e+00,1.000000000000000000e+00
3.089843750000000000e+00,1.000000000000000000e+00,1.000000000000000000e+00,0.000000000000000000e+00,1.000000000000000000e+00
3.093750000000000000e+00,1.000000000000000000e+00,1.000000000000000000e+00,0.000000000000000000e+00,1.000000000000000000e+00
3.097656250000000000e+00,1.000000000000000000e+00,1.000000000000000000e+00,0.000000000000000000e+00,1.000000000000000000e+00
3.101562500000000000e+00,1.000000000000000000e+00,1.000000000000000000e+00,0.000000000000000000e+00,1.000000000000000000e+00
3.105468750000000000e+00,1.000000000000000000e+00,1.000000000000000000e+00,0.000000000000000000e+00,1.000000000000000000e+00
3.109375000000000000e+00,1.000000000000000000e+00,1.000000000000000000e+00,0.000000000000000000e+00,1.000000000000000000e+00
3.113281250000000000e+00,1.000000000000000000e+00,1.000000000000000000e+00,0.000000000000000000e+00,1.000000000000000000e+00
3.117187500000000000e+00,1.000000000000000000e+00,1.000000000000000000e+00,0.000000000000000000e+00,1.000000000000000000e+00
3.121093750000000000e+00,1.000000000000000000e+00,1.000000000000000000e+00,0.000000000000000000e+00,1.000000000000000000e+00
3.125000000000000000e+00,1.000000000000000000e+00,1.000000000000000000e+00,0.000000000000000000e+00,1.000000000000000000e+00
3.128906250000000000e+00,1.000000000000000000e+00,1.000000000000000000e+00,0.000000000000000000e+00,1.000000000000000000e+00
3.132812500000000000e+00,1.000000000000000000e+00,1.000000000000000000e+00,0.000000000000000000e+00,1.000000000000000000e+00
3.136718750000000000e+00,1.000000000000000000e+00,1.000000000000000000e+00,0.000000000000000000e+00,1.000000000000000000e+00
3.140625000000000000e+00,1.000000000000000000e+00,1.000000000000000000e+00,0.000000000000000000e+00,1.000000000000000000e+00
3.144531250000000000e+00,1.000000000000000000e+00,1.000000000000000000e+00,0.000000000000000000e+00,1.000000000000000000e+00
3.148437500000000000e+00,1.000000000000000000e+00,1.000000000000000000e+00,0.000000000000000000e+00,1.000000000000000000e+00
3.152343750000000000e+00,1.000000000000000000e+00,1.000000000000000000e+00,0.000000000000000000e+00,1.000000000000000000e+00
3.156250000000000000e+00,1.000000000000000000e+00,1.000000000000000000e+00,0.000000000000000000e+00,1.000000000000000000e+00
3.160156250000000000e+00,1.000000000000000000e+00,1.000000000000000000e+00,0.000000000000000000e+00,1.000000000000000000e+00
3.164062500000000000e+00,1.000000000000000000e+00,1.000000000000000000e+00,0.000000000000000000e+00,1.000000000000000000e+00
3.167968750000000000e+00,1.000000000000000000e+00,1.000000000000000000e+00,0.000000000000000000e+00,1.000000000000000000e+00
3.171875000000000000e+00,1.000000000000000000e+00,1.000000000000000000e+00,0.000000000000000000e+00,1.000000000000000000e+00
3.175781250000000000e+00,1.000000000000000000e+00,1.000000000000000000e+00,0.000000000000000000e+00,1.000000000000000000e+00
3.179687500000000000e+00,1.000000000000000000e+00,1.000000000000000000e+00,0.000000000000000000e+00,1.000000000000000000e+00
3.183593750000000000e+00,1.000000000000000000e+00,1.000000000000000000e+00,0.000000000000000000e+00,1.000000000000000000e+00
3.187500000000000000e+00,1.000000000000000000e+00,1.000000000000000000e+00,0.000000000000000000e+00,1.000000000000000000e+00
3.191406250000000000e+00,1.000000000000000000e+00,1.000000000000000000e+00,0.000000000000000000e+00,1.000000000000000000e+00
3.195312500000000000e+00,1.000000000000000000e+00,1.000000000000000000e+00,0.000000000000000000e+00,1.000000000000000000e+00
3.199218750000000000e+00,1.000000000000000000e+00,1.000000000000000000e+00,0.000000000000000000e+00,1.000000000000000000e+00
3.203125000000000000e+00,1.000000000000000000e+00,1.000000000000000000e+00,0.000000000000000000e+00,1.000000000000000000e+00
3.207031250000000000e+00,1.000000000000000000e+00,1.000000000000000000e+00,0.000000000000000000e+00,1.000000000000000000e+00
3.210937500000000000e+00,1.000000000000000000e+00,1.000000000000000000e+00,0.000000000000000000e+00,1.000000000000000000e+00
3.214843750000000000e+00,1.000000000000000000e+00,1.000000000000000000e+00,0.000000000000000000e+00,1.000000000000000000e+00
3.218750000000000000e+00,1.000000000000000000e+00,1.000000000000000000e+00,0.000000000000000000e+00,1.000000000000000000e+00
3.222656250000000000e+00,1.000000000000000000e+00,1.000000000000000000e+00,0.000000000000000000e+00,1.000000000000000000e+00
3.226562500000000000e+00,1.000000000000000000e+00,1.000000000000000000e+00,0.000000000000000000e+00,1.000000000000000000e+00
3.230468750000000000e+00,1.000000000000000000e+00,1.000000000000000000e+00,0.000000000000000000e+00,1.000000000000000000e+00
3.234375000000000000e+00,1.000000000000000000e+00,1.000000000000000000e+00,0.000000000000000000e+00,1.000000000000000000e+00
3.238281250000000000e+00,1.000000000000000000e+00,1.000000000000000000e+00,0.000000000000000000e+00,1.000000000000000000e+00
3.242187500000000000e+00,1.000000000000000000e+00,1.000000000000000000e+00,0.000000000000000000e+00,1.000000000000000000e+00
3.246093750000000000e+00,1.000000000000000000e+00,1.000000000000000000e+00,0.000000000000000000e+00,1.000000000000000000e+00
3.250000000000000000e+00,1.000000000000000000e+00,1.000000000000000000e+00,0.000000000000000000e+00,1.000000000000000000e+00
3.253906250000000000e+00,1.000000000000000000e+00,1.000000000000000000e+00,0.000000000000000000e+00,1.000000000000000000e+00
3.257812500000000000e+00,1.000000000000000000e+00,1.000000000000000000e+00,0.000000000000000000e+00,1.000000000000000000e+00
3.261718750000000000e+00,1.000000000000000000e+00,1.000000000000000000e+00,0.000000000000000000e+00,1.000000000000000000e+00
3.265625000000000000e+00,1.000000000000000000e+00,1.000000000000000000e+00,0.000000000000000000e+00,1.000000000000000000e+00
3.269531250000000000e+00,1.000000000000000000e+00,1.000000000000000000e+00,0.000000000000000000e+00,1.000000000000000000e+00
3.273437500000000000e+00,1.000000000000000000e+00,1.000000000000000000e+00,0.000000000000000000e+00,1.000000000000000000e+00
3.277343750000000000e+00,1.000000000000000000e+00,1.000000000000000000e+00,0.000000000000000000e+00,1.000000000000000000e+00
3.281250000000000000e+00,1.000000000000000000e+00,1.000000000000000000e+00,0.000000000000000000e+00,1.000000000000000000e+00
3.285156250000000000e+00,1.000000000000000000e+00,1.000000000000000000e+00,0.000000000000000000e+00,1.000000000000000000e+00
3.289062500000000000e+00,1.000000000000000000e+00,1.000000000000000000e+00,0.000000000000000000e+00,1.000000000000000000e+00
3.292968750000000000e+00,1.000000000000000000e+00,1.000000000000000000e+00,0.000000000000000000e+00,1.000000000000000000e+00
3.296875000000000000e+00,1.000000000000000000e+00,1.000000000000000000e+00,0.000000000000000000e+00,1.000000000000000000e+00
3.300781250000000000e+00,1.000000000000000000e+00,1.000000000000000000e+00,0.000000000000000000e+00,1.000000000000000000e+00
3.304687500000000000e+00,1.000000000000000000e+00,1.000000000000000000e+00,0.000000000000000000e+00,1.000000000000000000e+00
3.308593750000000000e+00,1.000000000000000000e+00,1.000000000000000000e+00,0.000000000000000000e+00,1.000000000000000000e+00
3.312500000000000000e+00,1.000000000000000000e+00,1.000000000000000000e+00,0.000000000000000000e+00,1.000000000000000000e+00
3.316406250000000000e+00,1.000000000000000000e+00,1.000000000000000000e+00,0.000000000000000000e+00,1.000000000000000000e+00
3.320312500000000000e+00,1.000000000000000000e+00,1.000000000000000000e+00,0.000000000000000000e+00,1.000000000000000000e+00
3.324218750000000000e+00,1.000000000000000000e+00,1.000000000000000000e+00,0.000000000000000000e+00,1.000000000000000000e+00
3.328125000000000000e+00,1.000000000000000000e+00,1.000000000000000000e+00,0.000000000000000000e+00,1.000000000000000000e+00
3.332031250000000000e+00,1.000000000000000000e+00,1.000000000000000000e+00,0.000000000000000000e+00,1.000000000000000000e+00
3.335937500000000000e+00,1.000000000000000000e+00,1.000000000000000000e+00,0.000000000000000000e+00,1.000000000000000000e+00
3.339843750000000000e+00,1.000000000000000000e+00,1.000000000000000000e+00,0.000000000000000000e+00,1.000000000000000000e+00
3.343750000000000000e+00,1.000000000000000000e+00,1.000000000000000000e+00,0.000000000000000000e+00,1.000000000000000000e+00
3.347656250000000000e+00,1.000000000000000000e+00,1.000000000000000000e+00,0.000000000000000000e+00,1.000000000000000000e+00
3.351562500000000000e+00,1.000000000000000000e+00,1.000000000000000000e+00,0.000000000000000000e+00,1.000000000000000000e+00
3.355468750000000000e+00,1.000000000000000000e+00,1.000000000000000000e+00,0.000000000000000000e+00,1.000000000000000000e+00
3.359375000000000000e+00,1.000000000000000000e+00,1.000000000000000000e+00,0.000000000000000000e+00,1.000000000000000000e+00
3.363281250000000000e+00,1.000000000000000000e+00,1.000000000000000000e+00,0.000000000000000000e+00,1.000000000000000000e+00
3.367187500000000000e+00,1.000000000000000000e+00,1.000000000000000000e+00,0.000000000000000000e+00,1.000000000000000000e+00
3.371093750000000000e+00,1.000000000000000000e+00,1.000000000000000000e+00,0.000000000000000000e+00,1.000000000000000000e+00
3.375000000000000000e+00,1.000000000000000000e+00,1.000000000000000000e+00,0.000000000000000000e+00,1.000000000000000000e+00
3.378906250000000000e+00,1.000000000000000000e+00,1.000000000000000000e+00,0.000000000000000000e+00,1.000000000000000000e+00
3.382812500000000000e+00,1.000000000000000000e+00,1.000000000000000000e+00,0.000000000000000000e+00,1.000000000000000000e+00
3.386718750000000000e+00,1.000000000000000000e+00,1.000000000000000000e+00,0.000000000000000000e+00,1.000000000000000000e+00
3.390625000000000000e+00,1.000000000000000000e+00,1.000000000000000000e+00,0.000000000000000000e+00,1.000000000000000000e+00
3.394531250000000000e+00,1.000000000000000000e+00,1.000000000000000000e+00,0.000000000000000000e+00,1.000000000000000000e+00
3.398437500000000000e+00,1.000000000000000000e+00,1.000000000000000000e+00,0.000000000000000000e+00,1.000000000000000000e+00
3.402343750000000000e+00,1.000000000000000000e+00,1.000000000000000000e+00,0.000000000000000000e+00,1.000000000000000000e+00
3.406250000000000000e+00,1.000000000000000000e+00,1.000000000000000000e+00,0.000000000000000000e+00,1.000000000000000000e+00
3.410156250000000000e+00,1.000000000000000000e+00,1.000000000000000000e+00,0.000000000000000000e+00,1.000000000000000000e+00
3.414062500000000000e+00,1.000000000000000000e+00,1.000000000000000000e+00,0.000000000000000000e+00,1.000000000000000000e+00
3.417968750000000000e+00,1.000000000000000000e+00,1.000000000000000000e+00,0.000000000000000000e+00,1.000000000000000000e+00
3.421875000000000000e+00,1.000000000000000000e+00,1.000000000000000000e+00,0.000000000000000000e+00,1.000000000000000000e+00
3.425781250000000000e+00,1.000000000000000000e+00,1.000000000000000000e+00,0.000000000000000000e+00,1.000000000000000000e+00
3.429687500000000000e+00,1.000000000000000000e+00,1.000000000000000000e+00,0.000000000000000000e+00,1.000000000000000000e+00
3.433593750000000000e+00,1.000000000000000000e+00,1.000000000000000000e+00,0.000000000000000000e+00,1.000000000000000000e+00
3.437500000000000000e+00,1.000000000000000000e+00,1.000000000000000000e+00,0.000000000000000000e+00,1.000000000000000000e+00
3.441406250000000000e+00,1.000000000000000000e+00,1.000000000000000000e+00,0.000000000000000000e+00,1.000000000000000000e+00
3.445312500000000000e+00,1.000000000000000000e+00,1.000000000000000000e+00,0.000000000000000000e+00,1.000000000000000000e+00
3.449218750000000000e+00,1.000000000000000000e+00,1.000000000000000000e+00,0.000000000000000000e+00,1.000000000000000000e+00
3.453125000000000000e+00,1.000000000000000000e+00,1.000000000000000000e+00,0.000000000000000000e+00,1.000000000000000000e+00
3.457031250000000000e+00,1.000000000000000000e+00,1.000000000000000000e+00,0.000000000000000000e+00,1.000000000000000000e+00
3.460937500000000000e+00,1.000000000000000000e+00,1.000000000000000000e+00,0.000000000000000000e+00,1.000000000000000000e+00
3.464843750000000000e+00,1.000000000000000000e+00,1.000000000000000000e+00,0.000000000000000000e+00,1.000000000000000000e+00
3.468750000000000000e+00,1.000000000000000000e+00,1.000000000000000000e+00,0.000000000000000000e+00,1.000000000000000000e+00
3.472656250000000000e+00,1.000000000000000000e+00,1.000000000000000000e+00,0.000000000000000000e+00,1.000000000000000000e+00
3.476562500000000000e+00,1.000000000000000000e+00,1.000000000000000000e+00,0.000000000000000000e+00,1.000000000000000000e+00
3.480468750000000000e+00,1.000000000000000000e+00,1.000000000000000000e+00,0.000000000000000000e+00,1.000000000000000000e+00
3.484375000000000000e+00,1.000000000000000000e+00,1.000000000000000000e+00,0.000000000000000000e+00,1.000000000000000000e+00
3.488281250000000000e+00,1.000000000000000000e+00,1.000000000000000000e+00,0.000000000000000000e+00,1.000000000000000000e+00
3.492187500000000000e+00,1.000000000000000000e+00,1.000000000000000000e+00,0.000000000000000000e+00,1.000000000000000000e+00
3.496093750000000000e+00,1.000000000000000000e+00,1.000000000000000000e+00,0.000000000000000000e+00,1.000000000000000000e+00
3.500000000000000000e+00,1.000000000000000000e+00,1.000000000000000000e+00,0.000000000000000000e+00,1.000000000000000000e+00
3.503906250000000000e+00,1.000000000000000000e+00,1.000000000000000000e+00,0.000000000000000000e+00,1.000000000000000000e+00
3.507812500000000000e+00,1.000000000000000000e+00,1.000000000000000000e+00,0.000000000000000000e+00,1.000000000000000000e+00
3.511718750000000000e+00,1.000000000000000000e+00,1.000000000000000000e+00,0.000000000000000000e+00,1.000000000000000000e+00
3.515625000000000000e+00,1.000000000000000000e+00,1.000000000000000000e+00,0.000000000000000000e+00,1.000000000000000000e+00
3.519531250000000000e+00,1.000000000000000000e+00,1.000000000000000000e+00,0.000000000000000000e+00,1.000000000000000000e+00
3.523437500000000000e+00,1.000000000000000000e+00,1.000000000000000000e+00,0.000000000000000000e+00,1.000000000000000000e+00
3.527343750000000000e+00,1.000000000000000000e+00,1.000000000000000000e+00,0.000000000000000000e+00,1.000000000000000000e+00
3.531250000000000000e+00,1.000000000000000000e+00,1.000000000000000000e+00,0.000000000000000000e+00,1.000000000000000000e+00
3.535156250000000000e+00,1.000000000000000000e+00,1.000000000000000000e+00,0.000000000000000000e+00,1.000000000000000000e+00
3.539062500000000000e+00,1.000000000000000000e+00,1.000000000000000000e+00,0.000000000000000000e+00,1.000000000000000000e+00
3.542968750000000000e+00,1.000000000000000000e+00,1.000000000000000000e+00,0.000000000000000000e+00,1.000000000000000000e+00
3.546875000000000000e+00,1.000000000000000000e+00,1.000000000000000000e+00,0.000000000000000000e+00,1.000000000000000000e+00
3.550781250000000000e+00,1.000000000000000000e+00,1.000000000000000000e+00,0.000000000000000000e+00,1.000000000000000000e+00
3.554687500000000000e+00,1.000000000000000000e+00,1.000000000000000000e+00,0.000000000000000000e+00,1.000000000000000000e+00
3.558593750000000000e+00,1.000000000000000000e+00,1.000000000000000000e+00,0.000000000000000000e+00,1.000000000000000000e+00
3.562500000000000000e+00,1.000000000000000000e+00,1.000000000000000000e+00,0.000000000000000000e+00,1.000000000000000000e+00
3.566406250000000000e+00,1.000000000000000000e+00,1.000000000000000000e+00,0.000000000000000000e+00,1.000000000000000000e+00
3.570312500000000000e+00,1.000000000000000000e+00,1.000000000000000000e+00,0.000000000000000000e+00,1.000000000000000000e+00
3.574218750000000000e+00,1.000000000000000000e+00,1.000000000000000000e+00,0.000000000000000000e+00,1.000000000000000000e+00
3.578125000000000000e+00,1.000000000000000000e+00,1.000000000000000000e+00,0.000000000000000000e+00,1.000000000000000000e+00
3.582031250000000000e+00,1.000000000000000000e+00,1.000000000000000000e+00,0.000000000000000000e+00,1.000000000000000000e+00
3.585937500000000000e+00,1.000000000000000000e+00,1.000000000000000000e+00,0.000000000000000000e+00,1.000000000000000000e+00
3.589843750000000000e+00,1.000000000000000000e+00,1.000000000000000000e+00,0.000000000000000000e+00,1.000000000000000000e+00
3.593750000000000000e+00,1.000000000000000000e+00,1.000000000000000000e+00,0.000000000000000000e+00,1.000000000000000000e+00
3.597656250000000000e+00,1.000000000000000000e+00,1.000000000000000000e+00,0.000000000000000000e+00,1.000000000000000000e+00
3.601562500000000000e+00,1.000000000000000000e+00,1.000000000000000000e+00,0.000000000000000000e+00,1.000000000000000000e+00
3.605468750000000000e+00,1.000000000000000000e+00,1.000000000000000000e+00,0.000000000000000000e+00,1.000000000000000000e+00
3.609375000000000000e+00,1.000000000000000000e+00,1.000000000000000000e+00,0.000000000000000000e+00,1.000000000000000000e+00
3.613281250000000000e+00,1.000000000000000000e+00,1.000000000000000000e+00,0.000000000000000000e+00,1.000000000000000000e+00
3.617187500000000000e+00,1.000000000000000000e+00,1.000000000000000000e+00,0.000000000000000000e+00,1.000000000000000000e+00
3.621093750000000000e+00,1.000000000000000000e+00,1.000000000000000000e+00,0.000000000000000000e+00,1.000000000000000000e+00
3.625000000000000000e+00,1.000000000000000000e+00,1.000000000000000000e+00,0.000000000000000000e+00,1.000000000000000000e+00
3.628906250000000000e+00,1.000000000000000000e+00,1.000000000000000000e+00,0.000000000000000000e+00,1.000000000000000000e+00
3.632812500000000000e+00,1.000000000000000000e+00,1.000000000000000000e+00,0.000000000000000000e+00,1.000000000000000000e+00
3.636718750000000000e+00,1.000000000000000000e+00,1.000000000000000000e+00,0.000000000000000000e+00,1.000000000000000000e+00
3.640625000000000000e+00,1.000000000000000000e+00,1.000000000000000000e+00,0.000000000000000000e+00,1.000000000000000000e+00
3.644531250000000000e+00,1.000000000000000000e+00,1.000000000000000000e+00,0.000000000000000000e+00,1.000000000000000000e+00
3.648437500000000000e+00,1.000000000000000000e+00,1.000000000000000000e+00,0.000000000000000000e+00,1.000000000000000000e+00
3.652343750000000000e+00,1.000000000000000000e+00,1.000000000000000000e+00,0.000000000000000000e+00,1.000000000000000000e+00
3.656250000000000000e+00,1.000000000000000000e+00,1.000000000000000000e+00,0.000000000000000000e+00,1.000000000000000000e+00
3.660156250000000000e+00,1.000000000000000000e+00,1.000000000000000000e+00,0.000000000000000000e+00,1.000000000000000000e+00
3.664062500000000000e+00,1.000000000000000000e+00,1.000000000000000000e+00,0.000000000000000000e+00,1.000000000000000000e+00
3.667968750000000000e+00,1.000000000000000000e+00,1.000000000000000000e+00,0.000000000000000000e+00,1.000000000000000000e+00
3.671875000000000000e+00,1.000000000000000000e+00,1.000000000000000000e+00,0.000000000000000000e+00,1.000000000000000000e+00
3.675781250000000000e+00,1.000000000000000000e+00,1.000000000000000000e+00,0.000000000000000000e+00,1.000000000000000000e+00
3.679687500000000000e+00,1.000000000000000000e+00,1.000000000000000000e+00,0.000000000000000000e+00,1.000000000000000000e+00
3.683593750000000000e+00,1.000000000000000000e+00,1.000000000000000000e+00,0.000000000000000000e+00,1.000000000000000000e+00
3.687500000000000000e+00,1.000000000000000000e+00,1.000000000000000000e+00,0.000000000000000000e+00,1.000000000000000000e+00
3.691406250000000000e+00,1.000000000000000000e+00,1.000000000000000000e+00,0.000000000000000000e+00,1.000000000000000000e+00
3.695312500000000000e+00,1.000000000000000000e+00,1.000000000000000000e+00,0.000000000000000000e+00,1.000000000000000000e+00
3.699218750000000000e+00,1.000000000000000000e+00,1.000000000000000000e+00,0.000000000000000000e+00,1.000000000000000000e+00
3.703125000000000000e+00,1.000000000000000000e+00,1.000000000000000000e+00,0.000000000000000000e+00,1.000000000000000000e+00
3.707031250000000000e+00,1.000000000000000000e+00,1.000000000000000000e+00,0.000000000000000000e+00,1.000000000000000000e+00
3.710937500000000000e+00,1.000000000000000000e+00,1.000000000000000000e+00,0.000000000000000000e+00,1.000000000000000000e+00
3.714843750000000000e+00,1.000000000000000000e+00,1.000000000000000000e+00,0.000000000000000000e+00,1.000000000000000000e+00
3.718750000000000000e+00,1.000000000000000000e+00,1.000000000000000000e+00,0.000000000000000000e+00,1.000000000000000000e+00
3.722656250000000000e+00,1.000000000000000000e+00,1.000000000000000000e+00,0.000000000000000000e+00,1.000000000000000000e+00
3.726562500000000000e+00,1.000000000000000000e+00,1.000000000000000000e+00,0.000000000000000000e+00,1.000000000000000000e+00
3.730468750000000000e+00,1.000000000000000000e+00,1.000000000000000000e+00,0.000000000000000000e+00,1.000000000000000000e+00
3.734375000000000000e+00,1.000000000000000000e+00,1.000000000000000000e+00,0.000000000000000000e+00,1.000000000000000000e+00
3.738281250000000000e+00,1.000000000000000000e+00,1.000000000000000000e+00,0.000000000000000000e+00,1.000000000000000000e+00
3.742187500000000000e+00,1.000000000000000000e+00,1.000000000000000000e+00,0.000000000000000000e+00,1.000000000000000000e+00
3.746093750000000000e+00,1.000000000000000000e+00,1.000000000000000000e+00,0.000000000000000000e+00,1.000000000000000000e+00
3.750000000000000000e+00,1.000000000000000000e+00,1.000000000000000000e+00,0.000000000000000000e+00,1.000000000000000000e+00
3.753906250000000000e+00,1.000000000000000000e+00,1.000000000000000000e+00,0.000000000000000000e+00,1.000000000000000000e+00
3.757812500000000000e+00,1.000000000000000000e+00,1.000000000000000000e+00,0.000000000000000000e+00,1.000000000000000000e+00
3.761718750000000000e+00,1.000000000000000000e+00,1.000000000000000000e+00,0.000000000000000000e+00,1.000000000000000000e+00
3.765625000000000000e+00,1.000000000000000000e+00,1.000000000000000000e+00,0.000000000000000000e+00,1.000000000000000000e+00
3.769531250000000000e+00,1.000000000000000000e+00,1.000000000000000000e+00,0.000000000000000000e+00,1.000000000000000000e+00
3.773437500000000000e+00,1.000000000000000000e+00,1.000000000000000000e+00,0.000000000000000000e+00,1.000000000000000000e+00
3.777343750000000000e+00,1.000000000000000000e+00,1.000000000000000000e+00,0.000000000000000000e+00,1.000000000000000000e+00
3.781250000000000000e+00,1.000000000000000000e+00,1.000000000000000000e+00,0.000000000000000000e+00,1.000000000000000000e+00
3.785156250000000000e+00,1.000000000000000000e+00,1.000000000000000000e+00,0.000000000000000000e+00,1.000000000000000000e+00
3.789062500000000000e+00,1.000000000000000000e+00,1.000000000000000000e+00,0.000000000000000000e+00,1.000000000000000000e+00
3.792968750000000000e+00,1.000000000000000000e+00,1.000000000000000000e+00,0.000000000000000000e+00,1.000000000000000000e+00
3.796875000000000000e+00,1.000000000000000000e+00,1.000000000000000000e+00,0.000000000000000000e+00,1.000000000000000000e+00
3.800781250000000000e+00,1.000000000000000000e+00,1.000000000000000000e+00,0.000000000000000000e+00,1.000000000000000000e+00
3.804687500000000000e+00,1.000000000000000000e+00,1.000000000000000000e+00,0.000000000000000000e+00,1.000000000000000000e+00
3.808593750000000000e+00,1.000000000000000000e+00,1.000000000000000000e+00,0.000000000000000000e+00,1.000000000000000000e+00
3.812500000000000000e+00,1.000000000000000000e+00,1.000000000000000000e+00,0.000000000000000000e+00,1.000000000000000000e+00
3.816406250000000000e+00,1.000000000000000000e+00,1.000000000000000000e+00,0.000000000000000000e+00,1.000000000000000000e+00
3.820312500000000000e+00,1.000000000000000000e+00,1.000000000000000000e+00,0.000000000000000000e+00,1.000000000000000000e+00
3.824218750000000000e+00,1.000000000000000000e+00,1.000000000000000000e+00,0.000000000000000000e+00,1.000000000000000000e+00
3.828125000000000000e+00,1.000000000000000000e+00,1.000000000000000000e+00,0.000000000000000000e+00,1.000000000000000000e+00
3.832031250000000000e+00,1.000000000000000000e+00,1.000000000000000000e+00,0.000000000000000000e+00,1.000000000000000000e+00
3.835937500000000000e+00,1.000000000000000000e+00,1.000000000000000000e+00,0.000000000000000000e+00,1.000000000000000000e+00
3.839843750000000000e+00,1.000000000000000000e+00,1.000000000000000000e+00,0.000000000000000000e+00,1.000000000000000000e+00
3.843750000000000000e+00,1.000000000000000000e+00,1.000000000000000000e+00,0.000000000000000000e+00,1.000000000000000000e+00
3.847656250000000000e+00,1.000000000000000000e+00,1.000000000000000000e+00,0.000000000000000000e+00,1.000000000000000000e+00
3.851562500000000000e+00,1.000000000000000000e+00,1.000000000000000000e+00,0.000000000000000000e+00,1.000000000000000000e+00
3.855468750000000000e+00,1.000000000000000000e+00,1.000000000000000000e+00,0.000000000000000000e+00,1.000000000000000000e+00
3.859375000000000000e+00,1.000000000000000000e+00,1.000000000000000000e+00,0.000000000000000000e+00,1.000000000000000000e+00
3.863281250000000000e+00,1.000000000000000000e+00,1.000000000000000000e+00,0.000000000000000000e+00,1.000000000000000000e+00
3.867187500000000000e+00,1.000000000000000000e+00,1.000000000000000000e+00,0.000000000000000000e+00,1.000000000000000000e+00
3.871093750000000000e+00,1.000000000000000000e+00,1.000000000000000000e+00,0.000000000000000000e+00,1.000000000000000000e+00
3.875000000000000000e+00,1.000000000000000000e+00,1.000000000000000000e+00,0.000000000000000000e+00,1.000000000000000000e+00
3.878906250000000000e+00,1.000000000000000000e+00,1.000000000000000000e+00,0.000000000000000000e+00,1.000000000000000000e+00
3.882812500000000000e+00,1.000000000000000000e+00,1.000000000000000000e+00,0.000000000000000000e+00,1.000000000000000000e+00
3.886718750000000000e+00,1.000000000000000000e+00,1.000000000000000000e+00,0.000000000000000000e+00,1.000000000000000000e+00
3.890625000000000000e+00,1.000000000000000000e+00,1.000000000000000000e+00,0.000000000000000000e+00,1.000000000000000000e+00
3.894531250000000000e+00,1.000000000000000000e+00,1.000000000000000000e+00,0.000000000000000000e+00,1.000000000000000000e+00
3.898437500000000000e+00,1.000000000000000000e+00,1.000000000000000000e+00,0.000000000000000000e+00,1.000000000000000000e+00
3.902343750000000000e+00,1.000000000000000000e+00,1.000000000000000000e+00,0.000000000000000000e+00,1.000000000000000000e+00
3.906250000000000000e+00,1.000000000000000000e+00,1.000000000000000000e+00,0.000000000000000000e+00,1.000000000000000000e+00
3.910156250000000000e+00,1.000000000000000000e+00,1.000000000000000000e+00,0.000000000000000000e+00,1.000000000000000000e+00
3.914062500000000000e+00,1.000000000000000000e+00,1.000000000000000000e+00,0.000000000000000000e+00,1.000000000000000000e+00
3.917968750000000000e+00,1.000000000000000000e+00,1.000000000000000000e+00,0.000000000000000000e+00,1.000000000000000000e+00
3.921875000000000000e+00,1.000000000000000000e+00,1.000000000000000000e+00,0.000000000000000000e+00,1.000000000000000000e+00
3.925781250000000000e+00,1.000000000000000000e+00,1.000000000000000000e+00,0.000000000000000000e+00,1.000000000000000000e+00
3.929687500000000000e+00,1.000000000000000000e+00,1.000000000000000000e+00,0.000000000000000000e+00,1.000000000000000000e+00
3.933593750000000000e+00,1.000000000000000000e+00,1.000000000000000000e+00,0.000000000000000000e+00,1.000000000000000000e+00
3.937500000000000000e+00,1.000000000000000000e+00,1.000000000000000000e+00,0.000000000000000000e+00,1.000000000000000000e+00
3.941406250000000000e+00,1.000000000000000000e+00,1.000000000000000000e+00,0.000000000000000000e+00,1.000000000000000000e+00
3.945312500000000000e+00,1.000000000000000000e+00,1.000000000000000000e+00,0.000000000000000000e+00,1.000000000000000000e+00
3.949218750000000000e+00,1.000000000000000000e+00,1.000000000000000000e+00,0.000000000000000000e+00,1.000000000000000000e+00
3.953125000000000000e+00,1.000000000000000000e+00,1.000000000000000000e+00,0.000000000000000000e+00,1.000000000000000000e+00
3.957031250000000000e+00,1.000000000000000000e+00,1.000000000000000000e+00,0.000000000000000000e+00,1.000000000000000000e+00
3.960937500000000000e+00,1.000000000000000000e+00,1.000000000000000000e+00,0.000000000000000000e+00,1.000000000000000000e+00
3.964843750000000000e+00,1.000000000000000000e+00,1.000000000000000000e+00,0.000000000000000000e+00,1.000000000000000000e+00
3.968750000000000000e+00,1.000000000000000000e+00,1.000000000000000000e+00,0.000000000000000000e+00,1.000000000000000000e+00
3.972656250000000000e+00,1.000000000000000000e+00,1.000000000000000000e+00,0.000000000000000000e+00,1.000000000000000000e+00
3.976562500000000000e+00,1.000000000000000000e+00,1.000000000000000000e+00,0.000000000000000000e+00,1.000000000000000000e+00
3.980468750000000000e+00,1.000000000000000000e+00,1.000000000000000000e+00,0.000000000000000000e+00,1.000000000000000000e+00
3.984375000000000000e+00,1.000000000000000000e+00,1.000000000000000000e+00,0.000000000000000000e+00,1.000000000000000000e+00
3.988281250000000000e+00,1.000000000000000000e+00,1.000000000000000000e+00,0.000000000000000000e+00,1.000000000000000000e+00
3.992187500000000000e+00,1.000000000000000000e+00,1.000000000000000000e+00,0.000000000000000000e+00,1.000000000000000000e+00
3.996093750000000000e+00,1.000000000000000000e+00,1.000000000000000000e+00,0.000000000000000000e+00,1.000000000000000000e+00
4.000000000000000000e+00,1.000000000000000000e+00,1.000000000000000000e+00,0.000000000000000000e+00,1.000000000000000000e+00
